diff_window_id,ax_max,ax_min,ax_mean,ay_max,ay_min,ay_mean,az_max,az_min,az_mean,gx_max,gx_min,gx_mean,gy_max,gy_min,gy_mean,gz_max,gz_min,gz_mean,device,activity
0,0.01391600000000004,-0.011596999999999968,-0.00034668500000000104,0.073853,-0.06237800000000002,-0.00283812,0.057129,-0.045410000000000006,0.0029101549999999998,1.098634,-1.9531260000000001,-0.042419439999999996,2.6855469999999997,-2.075196,0.172119095,3.173828,-1.8310540000000002,0.23895261500000003,A,riding
1,0.017212000000000005,-0.01391600000000004,0.0001263299999999984,0.09436000000000003,-0.081054,-0.00021426499999999945,0.066162,-0.05859399999999999,0.00048825499999999994,1.464844,-1.9531260000000001,0.013427720000000006,2.6855469999999997,-3.112793,-0.13824469,3.173829,-3.8452150000000005,0.021667489999999994,A,riding
2,0.017212000000000005,-0.01391600000000004,0.0009192200000000017,0.09436000000000003,-0.081054,0.004332870000000001,0.066162,-0.05859399999999999,0.0001379600000000003,1.464844,-1.9531260000000001,0.03204345,2.6855469999999997,-3.112793,0.05798341500000001,3.173829,-4.882814,-0.18920901500000004,A,riding
3,0.017212000000000005,-0.02722200000000008,-0.0002721900000000005,0.09875500000000001,-0.145874,-0.000951525,0.066162,-0.05859399999999999,-0.0017260799999999998,1.464844,-1.9531260000000001,0.01800539,2.319336,-3.112793,-0.18218998999999997,5.126953,-4.882814,-0.16387939499999996,A,riding
4,0.017212000000000005,-0.02722200000000008,0.0003710949999999996,0.09875500000000001,-0.145874,0.00211975,0.066162,-0.05859399999999999,-0.0026245149999999996,1.464844,-1.770021,0.03082275,2.197267,-3.112793,-0.039062480000000004,5.126953,-4.882814,-0.05279545499999998,A,riding
5,0.016846000000000028,-0.02722200000000008,-0.00028381499999999727,0.09875500000000001,-0.145874,-0.00039425500000000004,0.045532,-0.055053000000000005,-0.00213928,1.403809,-1.647949,0.008850100000000001,2.01416,-2.319336,0.17883302,5.126953,-4.882814,0.03845214500000003,A,riding
6,0.016846000000000028,-0.02722200000000008,-0.0008123950000000013,0.09875500000000001,-0.145874,-0.003943475,0.048951,-0.055053000000000005,0.0004296899999999999,1.8920910000000002,-1.7700200000000001,-0.01647949,2.807617,-2.319336,0.17547610499999997,5.126953,-4.272461,0.327148435,A,riding
7,0.012085000000000012,-0.010986999999999969,0.0003094400000000025,0.07092299999999999,-0.064942,0.0009063800000000002,0.10534600000000001,-0.077515,0.0043139499999999996,1.8920910000000002,-1.7700200000000001,0.02136231,3.723145,-4.333497,-0.05249022500000001,2.319336,-2.3803710000000002,-0.02166747,A,riding
8,0.012085000000000012,-0.010986999999999969,0.00045043500000000125,0.07092299999999999,-0.064942,0.00268065,0.10534600000000001,-0.077515,3.66099999999997e-05,1.8920910000000002,-1.7700200000000001,-0.02227785,3.845216,-4.333497,-0.181579595,2.746582,-2.3803710000000002,-0.09490967,A,riding
9,0.012085000000000012,-0.010986999999999969,0.0009051399999999987,0.07092299999999999,-0.064942,0.005025030000000001,0.10534600000000001,-0.077515,0.00011293000000000053,1.8920910000000002,-1.7700200000000001,-0.02838135499999999,3.845216,-4.333497,-0.099487325,2.746582,-2.3803710000000002,-0.03723147499999998,A,riding
10,0.015257999999999994,-0.012939000000000034,0.0007482800000000011,0.08349599999999999,-0.06836,0.004310909999999999,0.10534600000000001,-0.077515,-0.0007848999999999997,1.64795,-1.464844,0.004577635000000009,3.845216,-4.333497,-0.13549808000000002,2.9296879999999996,-2.685547,-0.16906741000000003,A,riding
11,0.015257999999999994,-0.016235,-0.00012574000000000363,0.08349599999999999,-0.09216299999999997,-2.8064999999999617e-05,0.066528,-0.068115,-0.0023913449999999996,1.098633,-1.464844,-0.036621105,3.845216,-2.868653,0.06561280500000001,2.9296879999999996,-2.685547,0.08453366500000001,A,riding
12,0.015257999999999994,-0.016235,0.0001062099999999977,0.08349599999999999,-0.09216299999999997,0.0007080199999999997,0.066528,-0.068115,0.0013519250000000006,1.098633,-1.281738,0.03112794,2.4414059999999997,-1.708985,0.3302002,2.9296879999999996,-2.685547,0.119018585,A,riding
13,0.015257999999999994,-0.016235,-0.0004284549999999987,0.08349599999999999,-0.09216299999999997,-0.003222055,0.08313000000000001,-0.068115,0.002624495,1.098633,-1.281738,-0.0036620999999999993,2.4414059999999997,-3.4790050000000003,-0.19958499500000002,2.9296879999999996,-2.685547,-0.24108890999999996,A,riding
14,0.011962999999999946,-0.016235,-7.995499999999878e-05,0.059692999999999996,-0.09216299999999997,-0.0006402399999999997,0.08313000000000001,-0.068359,0.0005914200000000003,0.915528,-1.3427740000000001,-0.005798349999999997,3.17383,-3.4790050000000003,0.03784180999999997,3.845215,-2.868653,0.04882810000000001,A,riding
15,0.011962999999999946,-0.013549999999999951,-0.00017576499999999605,0.059692999999999996,-0.06762699999999999,-0.0011206250000000003,0.08313000000000001,-0.068359,0.00044250000000000013,1.098634,-1.3427740000000001,0.023803714999999993,3.17383,-3.4790050000000003,0.04394529999999999,3.845215,-2.868653,-0.10009769499999997,A,riding
16,0.010009999999999963,-0.013549999999999951,-0.0005212449999999957,0.059692999999999996,-0.06762699999999999,-0.0029779050000000003,0.08313000000000001,-0.068359,-0.0005639599999999996,1.098634,-1.3427740000000001,-0.015258789999999993,3.17383,-3.4790050000000003,-0.192871095,3.845215,-2.868653,-0.057373109999999984,A,riding
17,0.011475000000000013,-0.013549999999999951,-0.00011656500000000181,0.063355,-0.063354,-0.00032653499999999987,0.06897,-0.068359,-0.00016173999999999987,1.098634,-1.3427740000000001,-0.00854491,3.17383,-1.8920910000000002,0.232849215,3.845215,-2.868653,0.31738289000000003,A,riding
18,0.011475000000000013,-0.013549999999999951,-0.0007922350000000022,0.063355,-0.059448,-0.00471314,0.06897,-0.033447,0.00178529,1.098634,-0.9765630000000001,-0.009155249999999997,0.7934569999999999,-1.8920910000000002,-0.08575442000000001,2.746582,-2.6855469999999997,-0.0064086649999999966,A,riding
19,0.011475000000000013,-0.01013200000000003,-2.6265000000001982e-05,0.063355,-0.05285699999999999,-0.0005877600000000005,0.034912,-0.033447,0.00149718,0.9155280000000001,-0.9765630000000001,-0.013122569999999998,0.6103509999999999,-0.732422,-0.06256102999999999,2.746582,-2.319337,0.04608157000000002,A,riding
20,0.011475000000000013,-0.01013200000000003,5.860499999999769e-05,0.063355,-0.05285699999999999,-0.00010314500000000087,0.034912,-0.039551,0.0018548699999999998,0.9155280000000001,-0.793457,-0.001525889999999999,0.7934570000000001,-0.732422,0.005798340000000004,2.746582,-2.319337,0.0018310699999999924,A,riding
21,0.011109000000000036,-0.008057000000000092,-0.0003027399999999991,0.05554200000000001,-0.045410000000000034,-0.002164915,0.034912,-0.039551,0.0015716449999999998,0.915528,-0.793457,0.020446755000000004,0.7934570000000001,-0.7934570000000001,-0.046081595,1.281739,-2.319337,-0.15594488,A,riding
22,0.024536000000000002,-0.026123000000000007,-0.0005462549999999994,0.12414499999999998,-0.133544,-0.0036547750000000003,0.038574,-0.039551,0.00223815,1.281738,-15.319828,-0.06622317000000001,0.7934570000000001,-0.7934570000000001,-0.007629404999999998,4.089357,-3.2958990000000004,0.024719249999999974,A,riding
23,0.03039600000000009,-0.027831999999999968,0.0006292849999999999,0.16137700000000002,-0.142944,0.003106674999999999,0.038574,-0.039551,0.000706175,15.136723,-15.319828,-0.010986304999999983,0.7934570000000001,-0.7934570000000001,0.08148194499999999,5.126954,-4.272461,0.025634810000000004,A,riding
24,0.03039600000000009,-0.027831999999999968,-0.0003277600000000014,0.16137700000000002,-0.142944,-0.00195313,0.038574,-0.030273,0.0018627949999999998,15.136723,-15.319828,-0.000610355000000009,0.7934569999999999,-0.7934570000000001,-0.0027465600000000047,5.126954,-4.272461,-0.00030513500000000526,A,riding
25,0.03039600000000009,-0.027831999999999968,0.00011964500000000044,0.16137700000000002,-0.142944,0.0013897699999999992,0.038574,-0.052735000000000004,-0.00104675,15.136723,-15.319828,0.006713875000000007,0.854492,-0.854492,0.10009770000000001,5.126954,-4.272461,0.09735111,A,riding
26,0.03039600000000009,-0.039550000000000085,5.554499999999796e-05,0.16137700000000002,-0.213867,0.0009020899999999991,0.05957,-0.052735000000000004,2.075500000000015e-05,15.136723,-1.8920899999999998,0.07232668,0.854492,-2.0141600000000004,-0.05493162,5.126954,-4.272461,-0.10131837999999999,A,riding
27,0.041259000000000046,-0.039550000000000085,-0.0002038699999999971,0.208984,-0.213867,-0.002101434999999999,0.061524,-0.06262200000000001,0.0014465500000000004,1.8310549999999997,-1.8920899999999998,-0.011596700000000001,1.464844,-2.0141600000000004,-0.018310555000000006,5.310059,-3.78418,-0.01892091,A,riding
28,0.041259000000000046,-0.039550000000000085,0.00042846500000000065,0.208984,-0.213867,0.0020129149999999997,0.061524,-0.06262200000000001,-0.0003832849999999998,1.953125,-1.8920899999999998,0.019226114999999995,1.464844,-2.0141600000000004,-0.15624998,5.310059,-3.0517570000000003,-0.06286626000000001,A,riding
29,0.041259000000000046,-0.039550000000000085,0.0001818599999999987,0.208984,-0.213867,-0.0002496349999999986,0.076293,-0.06579600000000001,0.002285165,1.953125,-1.8920899999999998,0.0030517699999999914,4.028321,-2.0141600000000004,0.235290535,5.310059,-3.0517570000000003,0.10925295000000002,A,riding
30,0.041259000000000046,-0.03125,0.0009484699999999995,0.208984,-0.168701,0.0010986250000000002,0.190552,-0.13647399999999998,0.007829589999999999,4.516602,-3.417969,0.05767821500000002,4.028321,-9.277346,-0.675354205,5.310059,-4.577638,-0.16662601499999996,A,riding
31,0.017822000000000005,-0.01965400000000006,3.784999999999816e-05,0.099731,-0.09484899999999999,-0.001104105,0.190552,-0.141602,0.003880604999999999,4.516602,-4.577637,-0.036621055000000007,7.629397,-9.277346,0.4638672350000001,3.112794,-4.577638,0.13092041000000004,A,riding
32,0.015136999999999956,-0.01330600000000004,-7.995499999999878e-05,0.084839,-0.09301799999999999,-8.481499999999975e-05,0.190552,-0.141602,-0.0028802800000000007,5.0048829999999995,-4.577637,-0.018005395000000028,7.629397,-9.277346,0.22064207499999994,3.112794,-4.577638,0.057983435000000014,A,riding
33,0.015136999999999956,-0.01330600000000004,-0.0003240799999999994,0.084839,-0.09301799999999999,-0.00225341,0.190552,-0.141602,0.0020263449999999993,5.0048829999999995,-4.577637,0.006103504999999992,7.629397,-9.277346,-0.10528565499999992,2.990723,-4.577638,-0.0033569399999999862,A,riding
34,0.015990999999999977,-0.01330600000000004,-0.00032042999999999823,0.09936499999999998,-0.08227500000000001,0.0016955650000000002,0.130616,-0.141602,-0.007864395,5.0048829999999995,-4.577637,-0.06927490500000001,7.629397,-5.004883,0.72082537,2.990723,-3.0517589999999997,0.271911685,A,riding
35,0.015990999999999977,-0.01330600000000004,-0.0005316250000000017,0.09936499999999998,-0.073486,-0.0004815849999999999,0.110596,-0.112183,-0.005747050000000001,5.0048829999999995,-1.708985,0.07019040999999998,4.760744,-5.004883,-0.50170906,2.990723,-3.0517589999999997,-0.181274475,A,riding
36,0.015990999999999977,-0.013183999999999974,-0.0001538150000000016,0.09936499999999998,-0.073486,-0.0005377100000000004,0.110596,-0.11084,0.0026123150000000005,1.892091,-1.4038089999999999,0.007019029999999999,4.760744,-3.356935,-0.017089870000000004,2.990723,-3.0517589999999997,0.008239745000000003,A,riding
37,0.015990999999999977,-0.013183999999999974,0.00030944000000000083,0.09936499999999998,-0.06347599999999999,0.0032336299999999995,0.06262200000000001,-0.11084,-0.004326165,1.525879,-1.4038089999999999,-0.016174314999999998,2.5634759999999996,-3.356935,-0.15625000000000003,2.563477,-3.0517589999999997,-0.22064213500000002,A,riding
38,0.014037999999999995,-0.011108999999999924,-0.0003192100000000003,0.07128900000000002,-0.05554200000000001,-0.0009515500000000002,0.05896,-0.040283,-0.0011682250000000002,0.976563,-1.220703,-0.0027465849999999993,1.037598,-0.8544930000000001,0.05371098,2.563477,-2.990723,-0.07385251999999999,A,riding
39,0.014037999999999995,-0.008789000000000047,-0.00023252499999999786,0.07128900000000002,-0.045655,-0.0007891800000000001,0.05896,-0.040283,-0.0009949,1.037598,-1.098633,-0.012207054999999993,1.037598,-1.159668,-0.011291470000000001,2.563477,-1.89209,0.050659195,A,riding
40,0.024170000000000025,-0.00866699999999998,0.0004040500000000008,0.12780699999999998,-0.04003899999999999,0.001991555,0.059937000000000004,-0.05590799999999999,-0.0015576150000000005,1.892091,-1.831056,-0.012817374999999999,1.6479489999999999,-1.159668,0.028076169999999998,2.441407,-3.051757,0.10070802000000001,A,riding
41,0.027587999999999946,-0.02282700000000004,-0.00047546000000000144,0.14355500000000002,-0.137695,-0.00434509,0.137817,-0.090698,0.00281129,2.319336,-3.112793,-0.034179694999999996,3.479004,-4.211425,-0.036621094999999985,6.8359380000000005,-3.295898,0.31951909,A,riding
42,0.041259000000000046,-0.02282700000000004,0.0014947550000000021,0.212158,-0.137695,0.007456665,0.137817,-0.113891,-0.00066161,3.295899,-3.112793,0.051879909999999994,3.479004,-4.211425,-0.145263725,6.8359380000000005,-8.056642,-0.13427736499999995,A,riding
43,0.041259000000000046,-0.02490300000000001,0.0001733299999999971,0.212158,-0.137695,-0.001150520000000001,0.137817,-0.113891,0.0035064899999999997,3.295899,-3.112793,0.020141614999999998,3.479004,-4.211425,0.11688235000000001,6.8359380000000005,-8.056642,-0.07751466999999998,A,riding
44,0.041259000000000046,-0.03991699999999998,-0.00108153,0.212158,-0.20654299999999998,-0.005997910000000002,0.137817,-0.113891,0.0002838149999999999,3.295899,-3.112793,0.039978040000000006,3.479004,-4.211425,-0.020446799999999998,6.8359380000000005,-8.056642,-0.071105955,A,riding
45,0.041259000000000046,-0.03991699999999998,0.0011480700000000017,0.212158,-0.20654299999999998,0.00853882,0.123413,-0.216675,-0.01000916,3.295899,-2.868653,0.016479504999999985,5.737306,-5.92041,0.16784672999999997,4.882814000000001,-8.056642,-0.12817383,A,riding
46,0.02258300000000002,-0.03991699999999998,-0.0008148350000000015,0.127685,-0.20654299999999998,-0.00467833,0.17041,-0.216675,0.004050925,3.1738280000000003,-3.54004,-0.07232667500000002,5.737306,-5.92041,-0.010986335000000019,4.882814000000001,-5.249023,0.18432619000000003,A,riding
47,0.02258300000000002,-0.03991699999999998,-1.2829999999999232e-05,0.127685,-0.20654299999999998,0.0028137450000000003,0.17041,-0.216675,-0.007102045000000001,3.1738280000000003,-3.54004,-0.008239739999999997,6.591799,-5.92041,-0.15838628499999996,4.882814000000001,-5.249023,0.09124761499999998,A,riding
48,0.02258300000000002,-0.026245000000000074,0.0018554500000000018,0.10180700000000001,-0.13720700000000002,0.010692115,0.17041,-0.216675,-0.00043885499999999993,3.1738280000000003,-3.54004,-0.015258795000000002,6.591799,-5.92041,-0.050659164999999964,4.516603,-3.601076,-0.07781985,A,riding
49,0.02258300000000002,-0.026245000000000074,-0.0002520750000000005,0.10180700000000001,-0.13720700000000002,-0.00259766,0.17041,-0.110596,0.00958679,3.1738280000000003,-3.54004,-0.007629399999999995,6.591799,-3.78418,-0.019836500000000007,4.516603,-3.66211,-0.12023929500000001,A,riding
50,0.017456000000000027,-0.020996000000000015,-0.0005407450000000013,0.08410599999999999,-0.10131799999999999,-0.001921385000000001,0.144287,-0.110596,-0.0035492049999999997,2.9296889999999998,-3.356934,-0.04547119499999999,6.591799,-3.41797,0.22491462499999998,3.173829,-3.66211,0.15258787499999998,A,riding
51,0.017456000000000027,-0.015869000000000022,0.0008673150000000019,0.08386199999999999,-0.07617199999999999,0.0037817149999999993,0.15332,-0.174926,0.0021582100000000002,2.868653,-2.563476,0.015869145000000008,2.868653,-5.798341,-0.08819577499999998,3.173829,-3.66211,-0.07720953,A,riding
52,0.015869000000000022,-0.015869000000000022,-0.0008935450000000006,0.08007800000000001,-0.07617199999999999,-0.004912094999999998,0.15332,-0.174926,3.296500000000081e-05,2.868653,-3.479004,0.0009155150000000134,3.845216,-5.798341,0.11871338999999999,3.234864,-3.66211,0.03387449499999997,A,riding
53,0.015869000000000022,-0.015869000000000022,-0.0002014149999999998,0.08007800000000001,-0.07617199999999999,0.0007043549999999998,0.15332,-0.174926,-0.00774171,2.868653,-3.479004,0.03173827500000001,3.845216,-5.798341,-0.041503874999999975,3.234864,-2.990723,0.06805420499999998,A,riding
54,0.015869000000000022,-0.019287000000000054,0.000502915000000001,0.08007800000000001,-0.09973099999999999,0.0033477650000000004,0.15332,-0.174926,-0.00411499,2.868653,-3.479004,0.063781745,3.845216,-5.798341,-0.00518802999999999,3.234864,-2.990723,-0.213928235,A,riding
55,0.019776000000000016,-0.019287000000000054,0.0002478049999999998,0.11267100000000002,-0.09973099999999999,0.00272339,0.109741,-0.133911,-0.007014149999999999,2.868652,-3.479004,-0.08575440499999998,3.845216,-2.9296870000000004,0.19073484000000002,3.234864,-2.990724,0.19378668,A,riding
56,0.019776000000000016,-0.019287000000000054,0.0005792199999999987,0.11267100000000002,-0.09973099999999999,0.0031365999999999994,0.109741,-0.113769,-0.0033618199999999997,2.868652,-2.563476,-0.0527954,2.563477,-3.66211,-0.15106204,2.7465829999999998,-3.8452150000000005,0.05798345499999999,A,riding
57,0.019776000000000016,-0.019774999999999987,0.0004650999999999983,0.11267100000000002,-0.109741,0.0016064349999999994,0.109741,-0.113769,-0.00019895999999999968,3.1738289999999996,-2.8076179999999997,0.03387451,2.563477,-3.66211,-0.09643554500000001,2.7465829999999998,-4.333496,-0.21240227999999997,A,riding
58,0.020995999999999904,-0.02307199999999998,-0.0006793250000000034,0.119141,-0.12731900000000002,-0.0038806150000000005,0.082885,-0.091308,0.00204162,3.356935,-2.929688,0.08697510000000001,2.2583010000000003,-3.66211,-0.19897458500000004,3.9672849999999995,-4.760743,-0.08911133500000001,A,riding
59,0.020995999999999904,-0.02307199999999998,-0.0011303700000000012,0.119141,-0.12731900000000002,-0.0067138449999999995,0.082885,-0.132691,0.005640215,3.356935,-2.929688,0.03814698500000002,2.13623,-3.66211,0.02471924999999998,3.9672849999999995,-4.760743,-0.14709475,A,riding
60,0.020995999999999904,-0.02307199999999998,-0.001020494999999999,0.119141,-0.12731900000000002,-0.004605705,0.073609,-0.132691,-0.00037597500000000034,3.356935,-2.929688,0.04425048499999999,2.13623,-1.6479489999999999,0.010986364999999996,3.9672849999999995,-4.760743,-0.01434329499999997,A,riding
61,0.026245000000000074,-0.02404799999999996,-0.0014856149999999974,0.11962799999999998,-0.136231,-0.00920286,0.08398399999999999,-0.132691,0.005490115,3.356935,-2.929688,-0.01464842,2.13623,-3.540039,-0.11291506,4.638673,-5.615235,0.05828855499999999,A,riding
62,0.026245000000000074,-0.02404799999999996,0.0002246000000000037,0.11962799999999998,-0.136231,-0.0003692700000000004,0.08398399999999999,-0.132691,0.00321226,2.197265,-2.685546,-0.10192871999999997,2.2583010000000003,-3.540039,0.003356935000000014,4.638673,-5.615235,0.09826662999999998,A,riding
63,0.026245000000000074,-0.02404799999999996,0.00019409500000000136,0.11962799999999998,-0.136231,-0.0010571299999999994,0.08398399999999999,-0.05603,0.0038348550000000003,2.197265,-2.5634759999999996,0.043029755,2.2583010000000003,-3.540039,-0.03570556,4.638673,-5.615235,-0.07568356999999999,A,riding
64,0.026245000000000074,-0.02404799999999996,-3.7850000000000385e-05,0.11962799999999998,-0.136231,-0.0019116350000000005,0.08398399999999999,-0.05603,0.00351867,1.953125,-2.5634759999999996,-0.005798344999999987,2.2583010000000003,-3.540039,0.07232663500000001,4.638673,-5.615235,0.007934604999999966,A,riding
65,0.018067000000000055,-0.014525999999999928,0.000598774999999998,0.10363699999999999,-0.074951,0.0042578,0.052368,-0.05603,-0.00045471000000000004,1.77002,-2.2583010000000003,-0.0140381,2.2583010000000003,-1.586915,0.191650395,3.845216,-3.234864,0.319213865,A,riding
66,0.019530999999999965,-0.02282699999999993,0.00047545999999999976,0.10620100000000002,-0.117554,0.00293092,0.054321999999999995,-0.057129,-0.001411715,1.5869140000000002,-2.380372,-0.0012207049999999997,1.2817379999999998,-1.525878,0.04119870500000003,3.6010740000000006,-4.2114259999999994,0.050048869999999995,A,riding
67,0.019530999999999965,-0.02282699999999993,0.0006787149999999992,0.10620100000000002,-0.117554,0.00412108,0.06823699999999999,-0.057129,-0.00013914999999999997,1.5869140000000002,-2.380372,-0.02960202500000001,1.1596669999999998,-1.7700199999999997,-0.097351095,3.6010740000000006,-4.2114259999999994,0.014343234999999979,A,riding
68,0.019530999999999965,-0.02282699999999993,0.0001794450000000014,0.10620100000000002,-0.117554,0.00024596000000000063,0.06823699999999999,-0.057129,0.00280395,1.5869140000000002,-2.380372,-0.010070795,1.220703,-1.7700199999999997,-0.077514645,3.6010740000000006,-4.2114259999999994,-0.12634278499999999,A,riding
69,0.02661200000000008,-0.029418999999999973,-4.5179999999999666e-05,0.136475,-0.17419400000000002,-0.0017688000000000003,0.068603,-0.063965,0.0025415100000000003,2.563478,-2.380372,-0.005798339999999997,1.220703,-1.7700199999999997,-0.132141095,4.455566,-6.8359369999999995,-0.4483033,A,riding
70,0.02661200000000008,-0.045044000000000084,-0.0015374550000000014,0.14038099999999998,-0.23864699999999997,-0.009482440000000002,0.068603,-0.110718,0.0025433199999999995,3.4179690000000003,-3.112793,0.11779785500000002,2.868653,-1.7700199999999997,0.269470245,5.5542,-6.8359369999999995,-0.03570560999999998,A,riding
71,0.02661200000000008,-0.045044000000000084,-0.0018774449999999997,0.14038099999999998,-0.23864699999999997,-0.010540780000000001,0.068603,-0.110718,-0.0010083000000000004,3.4179690000000003,-3.1738280000000003,0.013122545000000017,2.868653,-1.8310549999999997,0.11383059500000002,5.5542,-6.8359369999999995,0.07476808500000003,A,riding
72,0.02661200000000008,-0.045044000000000084,0.00034058499999999823,0.14038099999999998,-0.23864699999999997,0.0021734500000000012,0.068603,-0.110718,-0.004240710000000001,3.4179690000000003,-3.1738280000000003,0.004272465000000026,2.868653,-2.3193360000000003,-0.055847155000000016,5.5542,-6.8359369999999995,0.11383060500000004,A,riding
73,0.02661200000000008,-0.045044000000000084,-0.0013879349999999986,0.14038099999999998,-0.23864699999999997,-0.007447509999999999,0.077026,-0.110718,-0.0031671450000000006,3.601075,-3.1738280000000003,0.11688234999999998,2.868653,-2.441406,0.136413575,5.5542,-6.164553000000001,0.18249518000000006,A,riding
74,0.027831999999999968,-0.022093999999999947,0.0008288600000000002,0.15490700000000002,-0.107788,0.00541444,0.10168500000000001,-0.16259800000000002,-0.0027770850000000003,7.202151,-15.075683999999999,-0.18402099500000002,5.2490239999999995,-2.441406,-0.08666996,5.554199,-5.737304999999999,0.32440190999999996,A,riding
75,0.035156000000000076,-0.04089299999999996,0.0016186450000000008,0.18322699999999997,-0.219361,0.009570305000000001,0.11608900000000001,-0.16259800000000002,-0.00425539,19.836427,-15.075683999999999,-0.03570556499999999,5.2490239999999995,-5.798341,0.0021362399999999893,5.798341000000001,-7.568359,0.2008056849999999,A,riding
76,0.035156000000000076,-0.04089299999999996,-0.0004345800000000011,0.18322699999999997,-0.219361,-0.0019219749999999992,0.11608900000000001,-0.16259800000000002,-0.0004779000000000003,19.836427,-15.075683999999999,0.11596682499999998,5.2490239999999995,-5.798341,-0.076904335,5.798341000000001,-7.568359,-0.18829355499999997,A,riding
77,0.035156000000000076,-0.04089299999999996,0.0011218249999999973,0.18322699999999997,-0.219361,0.006000349999999999,0.11608900000000001,-0.16259800000000002,-0.0005517149999999998,19.836427,-15.075683999999999,-0.10528567999999999,5.2490239999999995,-5.798341,-0.11322021500000001,5.798341000000001,-7.568359,-0.039062550000000015,A,riding
78,0.035156000000000076,-0.04089299999999996,0.00019470000000000153,0.18322699999999997,-0.219361,0.0014526349999999999,0.11608900000000001,-0.14453100000000002,1.4039999999999886e-05,19.836427,-7.751466000000001,0.13671878499999995,1.8310560000000002,-5.798341,-0.07324218999999996,5.798341000000001,-7.568359,-0.31433113,A,riding
79,0.02868599999999999,-0.02087400000000006,-0.0014684950000000013,0.14416500000000002,-0.109131,-0.0073614299999999995,0.072876,-0.077027,0.0007507399999999997,5.371095,-3.540039,0.05065919,2.01416,-2.075195,0.09765624999999996,3.8452170000000003,-5.859375,-0.136108445,A,riding
80,0.02868599999999999,-0.02087400000000006,0.00037596500000000143,0.14416500000000002,-0.109131,0.002601305,0.075318,-0.077027,0.0004363899999999998,3.2348630000000003,-3.540039,-0.095825235,2.01416,-1.708985,0.16326910000000003,3.8452170000000003,-4.394532,0.03387451499999997,A,riding
81,0.02868599999999999,-0.02087400000000006,-0.0001532049999999996,0.14416500000000002,-0.11328099999999999,0.0002942099999999996,0.07727099999999999,-0.077027,-0.0020275949999999997,3.2348630000000003,-2.929688,-0.019226040000000007,2.01416,-1.9531260000000001,-0.005798370000000048,3.8452170000000003,-4.394532,-0.11413573499999999,A,riding
82,0.02868599999999999,-0.026854999999999962,-0.0007464699999999996,0.14416500000000002,-0.142822,-0.005441879999999999,0.150024,-0.077027,-0.0003454700000000005,3.2348630000000003,-3.051759,-0.075073305,2.01416,-2.441407,-0.1513672,6.1645509999999994,-4.394532,-0.02349849999999999,A,riding
83,0.025146,-0.026854999999999962,-0.00020629999999999927,0.11352499999999999,-0.142822,-0.002949235,0.150024,-0.070191,0.005586544999999999,3.2348630000000003,-3.051759,-0.036010735,2.13623,-2.441407,-0.10589599500000002,6.1645509999999994,-4.394532,0.12573248,A,riding
84,0.025146,-0.026854999999999962,-0.000742775,0.11352499999999999,-0.142822,-0.005000589999999999,0.150024,-0.08740300000000001,0.00198669,3.112794,-3.051759,-0.04180907499999998,3.112793,-3.173828,0.03204341999999999,6.1645509999999994,-4.15039,0.14068612000000003,A,riding
85,0.025146,-0.026854999999999962,-0.00017821999999999893,0.11352499999999999,-0.142822,-0.0011193900000000007,0.150024,-0.08740300000000001,-0.00011231999999999909,3.112794,-3.051759,0.0006103300000000189,3.112793,-3.173828,0.14068604,6.1645509999999994,-4.15039,0.204772995,A,riding
86,0.020873999999999948,-0.016722999999999932,0.00033143499999999825,0.10766600000000001,-0.08703599999999997,0.004078975,0.085083,-0.08740300000000001,-0.0047937000000000006,3.112794,-2.502442,0.009155299999999993,3.112793,-3.173828,0.14099126,3.9672859999999996,-3.356934,0.08941649499999998,A,riding
87,0.018309999999999937,-0.013062000000000018,0.00037597499999999953,0.10180600000000001,-0.06872499999999998,0.0039727849999999995,0.085083,-0.08740300000000001,-0.005662230000000001,2.2582999999999998,-1.831054,0.018005359999999998,3.112793,-3.173828,-0.02044675999999999,2.929688,-3.356934,-0.14343263000000003,A,riding
88,0.012695000000000012,-0.013062000000000018,-0.0003131350000000016,0.078492,-0.06872499999999998,-0.0006213500000000003,0.071655,-0.072754,-0.003330664999999999,2.2582999999999998,-1.831054,0.011596684999999987,2.868653,-2.563478,-0.10223393000000001,2.502441,-2.136231,0.027465794999999998,A,riding
89,0.023926000000000003,-0.0191650000000001,0.0009991449999999986,0.130493,-0.09948699999999999,0.005921030000000001,0.071655,-0.072754,0.003070675,1.770021,-2.807618,-0.09399416000000001,2.868653,-2.563478,-0.31494139,4.2114270000000005,-2.136231,0.45349128499999997,A,riding
90,0.034302000000000055,-0.0191650000000001,0.0029491950000000012,0.17700200000000002,-0.09948699999999999,0.014160160000000001,0.08386199999999999,-0.043945,0.010656145,1.77002,-4.2114259999999994,-0.14495851,1.464844,-2.319337,-0.15747071999999998,4.2114270000000005,-3.845215,0.07263185999999999,A,riding
91,0.034302000000000055,-0.0191650000000001,0.00259399,0.17700200000000002,-0.09948699999999999,0.012662955,0.08386199999999999,-0.043945,0.00883302,2.990723,-4.2114259999999994,0.031127915000000003,1.464844,-2.197267,0.07293697499999997,4.2114270000000005,-3.845215,-0.2532959699999999,A,riding
92,0.034302000000000055,-0.0191650000000001,0.0015954600000000002,0.17700200000000002,-0.09948699999999999,0.007908945000000002,0.08386199999999999,-0.043945,0.007246695,2.990723,-4.2114259999999994,-0.020751949999999974,1.464844,-2.197267,0.07110601,4.2114270000000005,-3.845215,-0.15502932499999997,A,riding
93,0.034302000000000055,-0.017577999999999983,-0.0002533099999999994,0.17700200000000002,-0.08691400000000002,-0.0024804799999999993,0.08386199999999999,-0.035889000000000004,0.005257584999999999,2.990723,-4.2114259999999994,0.052490265,2.014161,-1.098633,0.30120849,3.78418,-3.845215,-0.3149414649999999,A,riding
94,0.04834000000000005,-0.017577999999999983,0.0008068900000000006,0.241821,-0.08691400000000002,0.004542824999999998,0.06372,-0.088745,-0.00619935,7.934573,-3.2958990000000004,0.276184115,2.014161,-1.8920899999999998,0.24566651,6.530762,-4.577638,0.3762817900000001,A,riding
95,0.04834000000000005,-0.03930700000000009,-6.652999999999854e-05,0.241821,-0.20129300000000003,-6.590499999999943e-05,0.08129900000000001,-0.088745,-0.0032244849999999996,7.934573,-6.652834,0.009765634999999957,2.014161,-3.4179690000000003,-0.139160145,6.530762,-8.972168,-0.22918702999999993,A,riding
96,0.04834000000000005,-0.03930700000000009,0.0006958000000000014,0.241821,-0.20129300000000003,0.00449891,0.08129900000000001,-0.088745,-0.0028387649999999996,7.934573,-6.652834,0.04241942499999997,2.075196,-3.4179690000000003,0.04272461999999999,6.530762,-8.972168,0.14739993000000012,A,riding
97,0.04834000000000005,-0.03930700000000009,0.0011419800000000001,0.241821,-0.20129300000000003,0.007865,0.08129900000000001,-0.088745,-0.00599674,7.934573,-6.652834,0.06134030999999997,2.075196,-3.4179690000000003,-0.07019044999999999,6.530762,-8.972168,-0.14251711999999997,A,riding
98,0.025268999999999986,-0.03930700000000009,-0.0019183150000000027,0.136475,-0.20129300000000003,-0.008546145,0.08129900000000001,-0.057373,-4.394999999999982e-05,3.2958990000000004,-6.652834,-0.08056643000000005,2.075196,-3.4179690000000003,-0.13946533,3.78418,-8.972168,-0.5657959850000001,A,riding
99,0.026854999999999962,-0.02282700000000004,-0.0012383900000000026,0.12524399999999997,-0.12353499999999999,-0.00646668,0.063965,-0.048462,-7.339999999999014e-06,2.319337,-2.685548,-0.11047363,2.075196,-1.5258789999999998,-0.03631591,6.225587,-4.333495999999999,0.5618287300000001,A,riding
100,0.026854999999999962,-0.02282700000000004,0.00020080999999999905,0.12524399999999997,-0.12353499999999999,0.00041076000000000036,0.060302999999999995,-0.048462,0.0017590350000000004,2.319337,-2.441407,0.003967290000000001,1.4648439999999998,-1.5258789999999998,-0.017395039999999994,6.225587,-4.333495999999999,-0.07324223999999999,A,riding
101,0.026854999999999962,-0.02282700000000004,-0.00023375500000000104,0.12524399999999997,-0.12353499999999999,-0.0024511800000000016,0.13623,-0.139648,0.0022131399999999997,2.6855469999999997,-2.441407,0.10040286500000001,3.8452150000000005,-3.784179,0.10742192999999998,6.225587,-4.333495999999999,-0.017394974999999997,A,riding
102,0.026854999999999962,-0.02282700000000004,0.001148060000000003,0.12524399999999997,-0.12353499999999999,0.0046954399999999995,0.13623,-0.141235,0.00228822,2.6855469999999997,-2.441407,-0.016479474999999993,3.90625,-3.784179,-0.05157472500000001,6.225587,-5.249024,0.055236835000000026,A,riding
103,0.023314999999999975,-0.015503000000000045,0.0011407350000000017,0.11840800000000001,-0.07568300000000003,0.007004384999999999,0.13623,-0.141235,-0.003786015,2.6855469999999997,-2.319336,0.09460449,3.90625,-3.784179,0.134277285,4.333496,-5.249024,-0.1257325,A,riding
104,0.021606000000000014,-0.015503000000000045,6.227499999999663e-05,0.11840800000000001,-0.07568300000000003,0.0004125999999999996,0.13623,-0.141235,-0.00290771,3.4790039999999998,-2.319336,0.009765660000000002,3.90625,-3.784179,0.11047363999999998,4.333496,-5.249024,-0.032958944999999976,A,riding
105,0.021606000000000014,-0.015503000000000045,-0.00012085499999999804,0.11840800000000001,-0.06945800000000002,0.0002368050000000005,0.10668899999999999,-0.141235,-0.00371946,3.4790039999999998,-4.272461,-0.07812501499999998,3.90625,-3.784179,-0.19744875,4.333496,-5.249024,0.10894773999999999,A,riding
106,0.01647999999999994,-0.020140999999999964,-0.001409915000000002,0.07544000000000001,-0.091064,-0.00664488,0.106567,-0.09460500000000001,-0.004263930000000001,3.4790039999999998,-4.821778,0.087585445,3.5400400000000003,-3.173829,0.09399412499999998,3.5400389999999993,-3.78418,-0.10314944000000001,A,riding
107,0.01647999999999994,-0.020140999999999964,-0.000670174999999999,0.07544000000000001,-0.091064,-0.004024645,0.106567,-0.09460500000000001,-0.0003405800000000003,3.4790039999999998,-4.821778,-0.010375970000000007,3.5400400000000003,-3.234864,-0.17181397499999998,3.5400389999999993,-3.78418,0.01251224500000001,A,riding
108,0.01647999999999994,-0.020140999999999964,-0.0006982449999999951,0.07544000000000001,-0.091064,-0.003536385000000001,0.124389,-0.11633299999999999,-0.00187865,3.417969,-4.821778,-0.030212445000000025,3.5400400000000003,-5.004884,-0.2981566849999999,3.5400389999999993,-3.78418,0.13031005999999998,A,riding
109,0.01647999999999994,-0.020140999999999964,0.0001697000000000004,0.07544000000000001,-0.091064,-0.00028930000000000036,0.160157,-0.11633299999999999,0.00586427,2.807618,-4.821778,-0.014648440000000002,4.8828119999999995,-5.004884,0.061645499999999985,2.075195,-3.78418,-0.12298586499999999,A,riding
110,0.012573000000000056,-0.009521000000000002,0.00022461500000000133,0.056030000000000024,-0.039672999999999986,0.0008013849999999996,0.160157,-0.13208,0.004001475,1.708985,-2.685547,-0.08087157999999997,4.882812,-5.31006,0.015258840000000013,1.7089839999999998,-1.220703,0.14007570500000002,A,riding
111,0.012573000000000056,-0.009521000000000002,-0.00017211499999999935,0.056030000000000024,-0.029418,0.00015442499999999943,0.160157,-0.13208,-0.00234678,1.708985,-2.685547,-0.012512229999999997,5.249023,-5.31006,0.263977095,1.7089839999999998,-1.220703,0.05706787,A,riding
112,0.012939000000000034,-0.010865000000000014,0.0003637399999999996,0.056030000000000024,-0.028929999999999984,0.0022259449999999996,0.169434,-0.151978,0.0016711399999999993,1.708985,-2.3803710000000002,-0.07385255,5.249023,-5.31006,-0.03204349500000001,1.708985,-1.220703,0.003051754999999998,A,riding
113,0.01965299999999992,-0.010865000000000014,0.0007189699999999977,0.07385200000000003,-0.03454599999999999,0.004605695000000002,0.169434,-0.153076,-0.0021093800000000005,2.197267,-2.3803710000000002,-0.011596674999999994,5.554199,-5.31006,0.20050047,1.708985,-1.9531250000000002,0.018920889999999985,A,riding
114,0.01965299999999992,-0.013672000000000017,-0.00031678000000000153,0.07385200000000003,-0.05126999999999998,-0.00031554999999999973,0.169434,-0.153076,-0.004541639999999999,2.197267,-2.319336,-0.042419435,5.554199,-5.310059,0.008239709999999931,1.708985,-1.9531250000000002,-0.09094237999999999,A,riding
0,0.016845999999999917,-0.014526000000000039,-0.0007098150000000014,0.031494,-0.027832000000000003,0.00160523,0.03381299999999998,-0.037964,0.0016186600000000003,0.915527,-1.64795,-0.032043470000000004,3.051758,-1.708984,0.24078378,1.953125,-2.5634770000000002,-0.16998294000000003,B,riding
1,0.022094999999999976,-0.017577999999999983,7.510000000000128e-05,0.03772,-0.03186,0.0002514800000000004,0.04126000000000002,-0.048949999999999994,-6.105000000000082e-05,1.2817379999999998,-1.64795,-0.013427734999999998,3.051758,-3.723144,0.01678468500000001,2.990723,-2.5634770000000002,0.136108435,B,riding
2,0.022094999999999976,-0.017577999999999983,0.0010003649999999963,0.03772,-0.03186,5.309000000000008e-05,0.04126000000000002,-0.048949999999999994,-0.0025073300000000008,1.342774,-1.64795,0.058288580000000006,3.051758,-4.516602,-0.18127443499999998,2.990723,-2.5634770000000002,-0.05981446499999999,B,riding
3,0.022094999999999976,-0.030884000000000023,-0.00011965000000000392,0.03772,-0.03186,-0.0014325,0.07482900000000003,-0.048949999999999994,0.0005877899999999997,1.403808,-1.64795,-0.0009155150000000112,4.821777,-4.516602,-0.16510013999999998,2.990723,-2.441407,0.17517093500000003,B,riding
4,0.022094999999999976,-0.030884000000000023,0.0004132150000000001,0.03772,-0.03186,-0.0014929449999999999,0.07482900000000003,-0.048949999999999994,-0.000562745,1.403808,-1.5869149999999999,0.028381374999999997,4.821777,-4.516602,-0.053405785,2.990723,-2.319336,0.044860874999999995,B,riding
5,0.020141000000000076,-0.030884000000000023,-0.00010988000000000164,0.020752,-0.026855999999999998,-0.0017034950000000002,0.07482900000000003,-0.04699700000000001,0.0004968150000000018,1.403808,-1.5869149999999999,0.03265382999999999,4.821777,-4.516602,0.046386705,2.319336,-1.953125,-0.16967774500000002,B,riding
6,0.020141000000000076,-0.030884000000000023,-0.0006359849999999983,0.026244999999999997,-0.031006000000000006,-0.0006164450000000001,0.07482900000000003,-0.04699700000000001,0.001556410000000002,1.892091,-1.5869149999999999,-0.018615735,4.821777,-3.90625,0.32928469499999996,2.319336,-2.929688,-0.1660157,B,riding
7,0.016724000000000072,-0.014282000000000017,0.00038147000000000154,0.06128,-0.044922000000000004,0.002293695,0.031005999999999978,-0.03662099999999996,-0.0017041100000000009,2.01416,-14.28223,-0.06652834500000003,2.01416,-2.075196,-0.01312258,4.089356,-3.601076,0.04882805500000002,B,riding
8,0.016724000000000072,-0.014282000000000017,0.0009429899999999991,0.06128,-0.044922000000000004,0.000137375,0.031005999999999978,-0.03662099999999996,-0.00284912,15.319828000000001,-14.28223,-0.04455569500000001,2.563478,-2.075196,-0.10131836,4.089356,-3.662109,0.17120362500000003,B,riding
9,0.016724000000000072,-0.014282000000000017,0.0012597800000000014,0.06128,-0.044922000000000004,0.0006988500000000003,0.031005999999999978,-0.03662099999999996,-0.003793930000000001,15.319828000000001,-14.28223,-0.037841819999999984,2.563478,-2.075196,-0.039062494999999996,4.089356,-3.662109,0.08422847000000001,B,riding
10,0.017700999999999967,-0.014282000000000017,0.001121830000000002,0.06128,-0.044922000000000004,0.00044128500000000057,0.030029000000000028,-0.04199200000000003,-0.003236080000000001,15.319828000000001,-14.28223,-0.00030515999999998657,2.746582,-2.624513,-0.16052249500000002,4.089356,-3.662109,0.12146002500000001,B,riding
11,0.017700999999999967,-0.017212000000000005,7.994999999999919e-05,0.03845199999999999,-0.038208000000000006,-0.0007232650000000002,0.041503999999999985,-0.04199200000000003,-0.00019225999999999854,15.319828000000001,-1.098633,0.04943851000000002,2.746582,-2.624513,0.06744388000000001,2.868653,-3.662109,-0.061340275000000014,B,riding
12,0.017700999999999967,-0.017212000000000005,7.444999999999923e-05,0.03845199999999999,-0.038208000000000006,0.0011102100000000001,0.041503999999999985,-0.04199200000000003,-0.00055237,1.5869140000000002,-1.098633,0.08178714499999998,2.746582,-2.624513,0.133056625,1.708984,-2.319336,-0.31066897,B,riding
13,0.017700999999999967,-0.017212000000000005,-0.000809955,0.04773000000000001,-0.038208000000000006,0.00143495,0.041503999999999985,-0.04199200000000003,0.00209047,1.4038089999999999,-1.4038089999999999,-0.019226105000000007,2.746582,-2.624513,-0.25238041499999997,3.2958990000000004,-2.319336,0.19439702500000003,B,riding
14,0.014526000000000039,-0.017455999999999916,-0.00039368500000000364,0.04773000000000001,-0.037719,0.0006561250000000001,0.041503999999999985,-0.03247,0.0011462350000000004,1.159668,-1.4038089999999999,-0.004882820000000007,3.41797,-2.746582,0.05126952499999999,3.2958990000000004,-2.990723,-0.034484860000000006,B,riding
15,0.014526000000000039,-0.017455999999999916,-0.0005639250000000013,0.04773000000000001,-0.037719,0.0002459750000000002,0.038574,-0.03247,0.0015948499999999992,0.915527,-1.4038089999999999,0.03906251000000001,3.41797,-2.746582,-0.08728026999999994,3.2958990000000004,-2.990723,-0.04333497999999999,B,riding
16,0.014526000000000039,-0.017455999999999916,-0.000991194999999998,0.04773000000000001,-0.0354,-0.00045958499999999993,0.038574,-0.03247,0.0029730299999999998,0.915527,-1.4038089999999999,-0.048522975,3.41797,-2.746582,-0.06561279999999999,3.2958990000000004,-2.990723,0.179138175,B,riding
17,0.014526000000000039,-0.017455999999999916,-0.00048276000000000265,0.043579,-0.0354,0.000322865,0.038574,-0.03320299999999998,0.001279895,1.037597,-0.9155270000000001,0.002441464999999994,3.41797,-2.746582,0.32165530000000003,1.9531249999999998,-2.990723,-0.22064212000000002,B,riding
18,0.012206999999999968,-0.01269599999999993,-0.0013293399999999983,0.035035000000000004,-0.026977999999999995,0.0009259149999999998,0.03466799999999998,-0.03320299999999998,0.00331482,1.037598,-0.9155270000000001,-0.020141610000000004,2.441407,-2.502443,-0.023803699999999997,1.9531249999999998,-0.732422,0.08819578499999998,B,riding
19,0.012206999999999968,-0.011473999999999984,-0.00031803499999999874,0.031739,-0.026977999999999995,0.0012725949999999996,0.026000999999999996,-0.03320299999999998,0.0006939650000000003,1.037598,-0.9155270000000001,-0.03021243000000001,2.441407,-2.0141600000000004,0.042114264999999984,0.732422,-0.6103510000000001,0.060729995,B,riding
20,0.012206999999999968,-0.011473999999999984,-0.00021729500000000125,0.031739,-0.026977999999999995,0.00197874,0.026000999999999996,-0.03320299999999998,0.0001989600000000011,1.037598,-0.793458,-0.0003051550000000028,2.441407,-2.0141600000000004,0.004272480000000014,0.732422,-0.671387,-0.0061035199999999986,B,riding
21,0.010986000000000051,-0.009765999999999941,-0.0006024249999999981,0.020264000000000004,-0.026977999999999995,0.0014276050000000002,0.026733000000000007,-0.03308100000000003,0.0013568049999999993,1.037598,-0.732422,0.031127909999999995,1.220704,-2.0141600000000004,-0.153808595,0.732422,-0.671387,0.04333497,B,riding
22,0.02026300000000003,-0.023680999999999952,-0.0008319250000000001,0.020264000000000004,-0.022217,0.002000105,0.06201200000000001,-0.054076999999999986,0.0018896450000000001,1.4038089999999999,-1.1596680000000001,0.0057983399999999964,3.3569340000000003,-2.807618,0.014953644999999995,0.732422,-0.7324220000000001,0.010375994999999989,B,riding
23,0.031372999999999984,-0.023680999999999952,0.0004986799999999985,0.019898000000000006,-0.022217,0.001279895,0.06201200000000001,-0.08410600000000001,-0.0015057300000000005,1.464843,-2.01416,0.003356929999999994,4.638672,-3.9672859999999996,0.036926280000000006,0.732422,-0.793457,-0.08087158500000001,B,riding
24,0.031372999999999984,-0.023680999999999952,-0.0005914249999999999,0.019898000000000006,-0.017578000000000003,0.0011340500000000002,0.06201200000000001,-0.08410600000000001,0.0013385149999999982,1.464843,-2.01416,0.0015258349999999954,4.638672,-3.9672859999999996,-0.00854495,0.732422,-0.793457,0.008544914999999995,B,riding
25,0.031372999999999984,-0.023680999999999952,0.0004040399999999977,0.019898000000000006,-0.029419,-0.0003546200000000001,0.06201200000000001,-0.08410600000000001,-0.0011230549999999998,1.464843,-2.01416,0.009460439999999995,4.638672,-3.9672859999999996,0.10314941000000001,0.854492,-0.7934580000000001,-0.10040286,B,riding
26,0.031372999999999984,-0.03588800000000003,0.0004486200000000001,0.03332500000000001,-0.029419,0.00026673500000000004,0.08740299999999995,-0.08410600000000001,-0.0014080900000000014,1.464843,-2.01416,0.009155269999999991,4.638672,-3.9672859999999996,-0.115661625,2.136231,-0.7934580000000001,0.055541989999999986,B,riding
27,0.031981999999999955,-0.03588800000000003,-0.0007702799999999982,0.035034,-0.029419,0.0005682449999999996,0.08740299999999995,-0.07959,0.0020770149999999993,1.525879,-2.1362300000000003,-0.02319335,4.5166010000000005,-3.540039,-0.02868656000000001,2.136231,-1.5869140000000002,0.016174325000000003,B,riding
28,0.031981999999999955,-0.03588800000000003,0.0003991700000000015,0.035034,-0.029419,0.0003924549999999999,0.08740299999999995,-0.07959,-0.0008880699999999997,2.01416,-2.1362300000000003,-0.005798300000000005,4.5166010000000005,-2.868653,-0.04241940500000001,2.136231,-1.5869140000000002,0.138855015,B,riding
29,0.031981999999999955,-0.03588800000000003,-0.0003290049999999978,0.039673,-0.04150399999999999,0.00207032,0.08740299999999995,-0.07959,0.0008605949999999998,2.01416,-2.1362300000000003,0.040283194999999994,4.5166010000000005,-2.868653,0.11901860000000002,2.136231,-3.6621099999999998,-0.21606450999999996,B,riding
30,0.031981999999999955,-0.03356999999999999,-0.0003009149999999999,0.130737,-0.070312,0.005347294999999999,0.081177,-0.07959,0.000699470000000001,3.967286,-3.601075,-0.065612795,4.5166010000000005,-4.272462,-0.14709479999999997,9.338382,-3.6621099999999998,0.655212485,B,riding
31,0.02917499999999995,-0.025878000000000068,-0.0003039300000000006,0.130737,-0.08606,0.005288705000000001,0.05798300000000001,-0.07141099999999995,0.0003710850000000007,3.967286,-16.357426,-0.04364016,2.929688,-4.272462,0.14312749999999996,9.338382,-7.6904319999999995,-0.47210697,B,riding
32,0.01770000000000005,-0.025878000000000068,0.00014951999999999687,0.130737,-0.08606,-0.0018145749999999995,0.05798300000000001,-0.04174800000000001,-2.805499999999961e-05,15.258793,-16.357426,0.014648410000000025,2.929688,-4.272462,0.04516597000000001,9.338382,-7.6904319999999995,-0.22216798999999987,B,riding
33,0.01770000000000005,-0.025878000000000068,-0.0004858049999999986,0.130737,-0.08606,0.0005780099999999999,0.05798300000000001,-0.04174800000000001,0.00115843,15.258793,-16.357426,-0.004882809999999971,2.746583,-4.272462,-0.017394985000000005,9.338382,-7.6904319999999995,0.11505131499999993,B,riding
34,0.02343799999999996,-0.023560000000000025,0.0006146199999999996,0.095948,-0.08606,-0.0057629399999999985,0.050537,-0.05529799999999996,-0.001149880000000001,15.258793,-16.357426,0.03723145000000001,2.746583,-2.5634770000000002,0.27923587,4.638674,-7.6904319999999995,-0.69885264,B,riding
35,0.02343799999999996,-0.018432000000000004,0.0004009600000000013,0.052733999999999996,-0.06823800000000001,-0.006472179999999999,0.047729999999999995,-0.05529799999999996,-0.0004742450000000001,15.258793,-2.3803710000000002,0.08239748000000001,2.624513,-2.5634770000000002,-0.189514175,4.638674,-4.577638,0.5148316,B,riding
36,0.02343799999999996,-0.018432000000000004,-3.110999999999808e-05,0.052733999999999996,-0.054809,0.0010791000000000002,0.047729999999999995,-0.05529799999999996,-0.00028749500000000013,2.075196,-1.892091,0.008544939999999994,2.624513,-2.5634770000000002,0.003967284999999978,3.662109,-4.577638,0.035400419999999995,B,riding
37,0.02343799999999996,-0.012573000000000056,0.0010327149999999979,0.037720000000000004,-0.054199,-0.0030529949999999993,0.036133000000000026,-0.05529799999999996,-0.0024676299999999993,1.342774,-1.892091,-0.026245140000000004,2.075196,-2.5634770000000002,-0.21820077999999998,3.173829,-3.0517580000000004,0.13183595500000003,B,riding
38,0.014892000000000016,-0.012573000000000056,-0.00029844000000000203,0.030395,-0.024169999999999997,-0.001116345,0.031738000000000044,-0.040161999999999975,0.0010357500000000006,1.220704,-1.098633,0.020141610000000004,2.075196,-2.502442,-0.07751463,0.7934570000000001,-0.9765619999999999,-0.060424820000000004,B,riding
39,0.012451999999999908,-0.009765999999999941,-0.00019041000000000142,0.030395,-0.024169999999999997,-0.0010498100000000002,0.02124100000000001,-0.03149400000000002,0.0007824849999999994,1.037597,-1.098633,-0.02105714,2.075196,-1.64795,0.047607385,0.976563,-0.9765619999999999,0.008544904999999998,B,riding
40,0.024657999999999958,-0.009765999999999941,0.00041992500000000046,0.03125000000000001,-0.036866,-0.00135255,0.020019999999999982,-0.06115699999999996,-0.0007177600000000003,2.01416,-1.403809,-0.01800538,2.075196,-2.502443,0.09704595,0.976563,-1.464844,-0.028076194999999998,B,riding
41,0.03064,-0.03039599999999998,-0.0008746349999999997,0.073486,-0.051758,0.00185363,0.06579600000000002,-0.079102,0.00232422,2.258301,-3.0517580000000004,-0.084533665,6.347657,-2.502443,0.30578616,4.028321,-3.2958979999999998,0.03265380500000001,B,riding
42,0.04003900000000005,-0.03039599999999998,0.0018292150000000023,0.073486,-0.058960000000000005,0.00041933500000000017,0.06579600000000002,-0.105713,-0.004910905,3.173829,-3.0517580000000004,0.030212414999999996,6.347657,-7.263184,-0.12878419500000005,4.028321,-3.2958979999999998,0.15075687,B,riding
43,0.04003900000000005,-0.03039599999999998,-0.0003747149999999988,0.073486,-0.058960000000000005,0.0028179950000000002,0.06628400000000001,-0.105713,0.0007397500000000015,3.173829,-3.0517580000000004,0.05279544,6.347657,-7.263184,-0.06683348499999997,4.028321,-3.2958979999999998,-0.11108398499999998,B,riding
44,0.04003900000000005,-0.0335700000000001,-0.0011694350000000014,0.073486,-0.058960000000000005,0.0005603050000000001,0.09094200000000002,-0.105713,0.002762435,3.173829,-3.0517580000000004,0.036010755000000005,6.347657,-7.263184,-0.05706788999999999,4.028321,-3.2958979999999998,0.025939914999999994,B,riding
45,0.04003900000000005,-0.0335700000000001,0.0026165749999999977,0.062745,-0.12390200000000001,-0.00737302,0.09094200000000002,-0.105713,-0.005592654999999999,3.173829,-2.624512,0.06500244999999999,4.516602000000001,-7.263184,-0.12115474499999994,5.615235,-5.676270000000001,-0.15869136999999997,B,riding
46,0.02514700000000003,-0.0335700000000001,-0.0010125800000000019,0.09399400000000001,-0.12390200000000001,0.0010876400000000006,0.09094200000000002,-0.064087,0.0021954649999999997,2.868653,-3.295899,-0.08789064499999999,4.516602000000001,-4.638673,0.17242435,5.615235,-5.676270000000001,-0.005798334999999959,B,riding
47,0.02514700000000003,-0.0335700000000001,0.0014043700000000003,0.09399400000000001,-0.12390200000000001,-0.005435195000000001,0.09094200000000002,-0.064087,-0.0032470900000000002,3.234865,-3.295899,-0.057678235,4.516602000000001,-4.638673,0.08178713000000001,5.615235,-6.164553,0.15808107,B,riding
48,0.02368199999999998,-0.028441999999999967,0.00254455,0.09399400000000001,-0.12390200000000001,-0.00011718499999999962,0.070801,-0.046875,-0.0066998000000000005,3.234865,-3.295899,-0.014953614999999977,3.78418,-3.54004,-0.08880615,5.615235,-6.164553,0.04516604000000001,B,riding
49,0.01794400000000007,-0.028441999999999967,-0.0012292399999999965,0.09399400000000001,-0.06359899999999999,0.007252810000000001,0.070801,-0.042115000000000014,0.0017572149999999984,3.234865,-3.295899,0.00854491999999999,3.78418,-3.54004,-0.120239275,3.9062509999999997,-6.164553,0.01434320999999997,B,riding
50,0.01794400000000007,-0.019287000000000054,-0.0001458799999999999,0.07531800000000001,-0.06359899999999999,-0.0022662149999999994,0.05371100000000001,-0.042115000000000014,0.0009728899999999996,3.234865,-3.17383,-0.009765625000000017,2.746583,-3.54004,0.15594482999999998,3.295898,-6.164553,-0.20874026499999998,B,riding
51,0.015747000000000066,-0.018311000000000077,0.0008087299999999997,0.075928,-0.08313,0.0005658150000000001,0.04431099999999999,-0.043213,-0.002155735,3.479005,-2.563477,0.017700189999999998,2.746583,-3.54004,-0.075988775,5.6152359999999994,-2.868652,0.088195805,B,riding
52,0.014770999999999979,-0.018311000000000077,-0.0009008949999999988,0.075928,-0.08313,-0.0012225150000000002,0.04431099999999999,-0.043213,0.002550644999999999,3.479005,-3.78418,0.01983644,2.746583,-3.4179690000000003,0.041503910000000005,5.6152359999999994,-3.66211,-0.105590825,B,riding
53,0.014770999999999979,-0.013672000000000017,0.0008092999999999995,0.075928,-0.08313,-0.00624147,0.03674299999999997,-0.043213,-0.0013360599999999987,3.479005,-3.78418,0.02166747499999999,2.746583,-2.5024409999999997,0.070190405,5.6152359999999994,-3.66211,0.04333499499999999,B,riding
54,0.014770999999999979,-0.014283000000000046,0.0011407449999999996,0.075928,-0.08313,-0.0033166700000000003,0.03784199999999999,-0.043213,-0.0026208600000000005,3.479005,-3.78418,0.07537842000000002,2.4414059999999997,-2.5024409999999997,-0.21392823999999996,5.6152359999999994,-3.66211,0.00488286500000001,B,riding
55,0.020141999999999993,-0.018066000000000026,0.0010186699999999976,0.052246,-0.062378,-0.00498719,0.04174800000000001,-0.049560999999999966,-0.0016973950000000015,2.563476,-3.78418,-0.07446288000000001,2.685548,-2.563477,0.19165039,2.868653,-3.66211,-0.211486835,B,riding
56,0.020141999999999993,-0.018066000000000026,0.0010534949999999993,0.052246,-0.054931999999999995,-0.0030706899999999996,0.04174800000000001,-0.049560999999999966,-0.002198490000000001,2.563476,-2.746582,-0.08636476,2.685548,-3.41797,0.050353995000000006,3.7231460000000003,-2.3803710000000002,0.13336183000000001,B,riding
57,0.020141999999999993,-0.024658999999999986,0.000624404999999999,0.052246,-0.053833,-0.0006720149999999997,0.060180999999999985,-0.04992599999999997,-0.0012915000000000003,3.112793,-2.502442,0.04089354499999999,2.685548,-4.150392,-0.23345944500000002,3.7231460000000003,-2.3803710000000002,0.10772707000000001,B,riding
58,0.022583999999999937,-0.033080999999999916,-0.001049794999999998,0.047118999999999994,-0.050415,0.0015197700000000004,0.08203100000000002,-0.05395500000000003,0.002463380000000001,3.41797,-2.685546,0.052185054999999994,3.601074,-4.150392,-0.07171632999999998,3.7231460000000003,-2.258302,0.201721165,B,riding
59,0.022583999999999937,-0.033080999999999916,-0.0020898399999999995,0.047118999999999994,-0.063477,0.003886705,0.08203100000000002,-0.05395500000000003,0.004677725000000001,3.41797,-2.685546,0.074157705,3.601074,-4.150392,-0.15136719500000007,3.7231460000000003,-2.136231,-0.007934584999999989,B,riding
60,0.022583999999999937,-0.033080999999999916,-0.001502084999999998,0.035033999999999996,-0.063477,-2.5024999999999907e-05,0.08203100000000002,-0.05395500000000003,0.004054550000000001,3.41797,-2.685546,0.04699706499999998,3.601074,-4.150392,-0.013427750000000032,1.831055,-2.136231,-0.006713884999999991,B,riding
61,0.022583999999999937,-0.033080999999999916,-0.0029754699999999983,0.057495,-0.063477,0.00453492,0.08203100000000002,-0.05395500000000003,0.0072790350000000005,3.41797,-2.746582,-0.058288554999999985,4.272462,-5.065918,0.08453368999999998,3.234863,-2.136231,0.09918213000000002,B,riding
62,0.017699999999999938,-0.03003,-0.0008441150000000009,0.057495,-0.063477,0.0033636350000000002,0.07226500000000002,-0.04919399999999996,0.0021661299999999988,2.258301,-2.746582,-0.103759765,4.272462,-5.065918,0.08209231499999996,3.234863,-2.258301,-0.012207009999999983,B,riding
63,0.017699999999999938,-0.03003,-0.0007171499999999981,0.057495,-0.03698699999999999,0.004060075,0.07226500000000002,-0.04919399999999996,0.0015466350000000008,2.258301,-2.746582,0.02838135500000001,4.272462,-5.065918,-0.06744384,3.234863,-2.258301,0.03692630000000001,B,riding
64,0.017699999999999938,-0.03003,-0.0009637550000000001,0.057495,-0.03698699999999999,0.0035827600000000004,0.07226500000000002,-0.04919399999999996,0.002105719999999998,2.258301,-2.746582,0.013732905000000012,4.272462,-5.065918,0.011901865000000003,3.234863,-2.258301,-0.06835935499999998,B,riding
65,0.02197300000000002,-0.014647999999999994,0.001004635000000001,0.033203,-0.03698699999999999,-8.787499999999976e-05,0.03698700000000005,-0.05786199999999997,-0.003050545,1.89209,-2.258301,-0.011291500000000001,3.41797,-2.868654,0.32257081,1.403809,-2.258301,-0.181274475,B,riding
66,0.023192999999999908,-0.020996000000000015,0.001187134999999999,0.030151999999999998,-0.02758800000000001,-0.00114011,0.05493199999999998,-0.060058999999999974,-0.0033117599999999987,1.708985,-2.563477,0.0027465750000000176,3.112794,-3.967285,0.04577642000000002,1.281739,-1.281738,-0.04089355999999999,B,riding
67,0.023192999999999908,-0.020996000000000015,0.0011889399999999988,0.040161999999999996,-0.02758800000000001,-0.00016542500000000002,0.05493199999999998,-0.060058999999999974,-0.003197015,1.708985,-2.563477,-0.044250479999999995,3.112794,-3.967285,0.0003052050000000861,1.586914,-1.281738,0.09094236,B,riding
68,0.023192999999999908,-0.020996000000000015,-0.00010619500000000004,0.040161999999999996,-0.02758800000000001,0.002309575,0.05493199999999998,-0.060058999999999974,1.3425000000000797e-05,1.708985,-2.563477,-0.011291505000000002,3.112794,-3.967285,-0.13977052499999995,1.586914,-1.098634,0.067749025,B,riding
69,0.026978000000000057,-0.035401000000000016,-0.0011626950000000035,0.040893,-0.028321000000000006,0.00291137,0.08752399999999999,-0.06848199999999999,0.0033801400000000002,2.563476,-2.563477,0.015563949999999995,3.845216,-5.676271,-0.45166024,1.586914,-1.098634,0.115356495,B,riding
70,0.026978000000000057,-0.04052700000000009,-0.002965699999999998,0.047242000000000006,-0.046631000000000006,0.002073355,0.11340299999999998,-0.06994600000000001,0.00817321,3.479005,-2.624513,0.16571049999999998,4.943849,-5.676271,-0.011596724999999992,1.586914,-2.6855469999999997,-0.24230961,B,riding
71,0.026978000000000057,-0.04052700000000009,-0.0030908049999999994,0.047242000000000006,-0.055054000000000006,-0.0015911650000000003,0.11340299999999998,-0.06994600000000001,0.009022199999999998,3.479005,-3.845216,0.022582995000000005,4.943849,-5.676271,0.08972162500000003,1.77002,-2.6855469999999997,-0.10803222499999998,B,riding
72,0.026978000000000057,-0.04052700000000009,0.0006884999999999975,0.047242000000000006,-0.055054000000000006,-0.0031189049999999995,0.11340299999999998,-0.06994600000000001,-0.0011096300000000014,3.479005,-3.845216,-0.01922605500000003,4.943849,-5.676271,0.11718756500000004,2.258301,-2.6855469999999997,0.05859375499999999,B,riding
73,0.026733000000000007,-0.04052700000000009,-0.0012512399999999985,0.047242000000000006,-0.055054000000000006,-0.003632825000000001,0.11340299999999998,-0.06994600000000001,0.0037005799999999993,3.479005,-3.845216,0.11932375,4.943849,-5.249023,0.19897460500000005,2.319336,-2.6855469999999997,-0.10864259000000001,B,riding
74,0.027588000000000057,-0.022338999999999998,0.0016113250000000007,0.045044,-0.055054000000000006,-0.0030383300000000005,0.063965,-0.06884699999999999,-0.004228490000000001,5.187989,-13.732913,-0.22735600500000003,4.943849,-5.187989,0.2963257350000001,2.319336,-7.202148000000001,0.05798339500000001,B,riding
75,0.03576699999999999,-0.028808000000000056,0.00326048,0.045044,-0.066528,-0.003420404999999999,0.07836899999999997,-0.09314,-0.008526589999999999,18.493657,-13.732913,-0.04852292500000004,4.943849,-5.187989,0.180664085,8.300781,-7.202148000000001,0.0003051600000000065,B,riding
76,0.03576699999999999,-0.028808000000000056,-0.000225254999999997,0.045044,-0.066528,-0.0017089900000000005,0.07836899999999997,-0.09314,0.0004223850000000015,18.493657,-13.732913,0.11047362500000002,4.943849,-4.699708,-0.1672363899999999,8.300781,-7.202148000000001,0.09094241,B,riding
77,0.03576699999999999,-0.028808000000000056,0.0013244600000000017,0.038086,-0.066528,-0.0006823499999999999,0.07836899999999997,-0.09314,-0.0032537950000000003,18.493657,-13.732913,-0.11199953500000003,4.516602000000001,-4.699708,-0.060729904999999994,8.300781,-7.202148000000001,0.09155275999999997,B,riding
78,0.03576699999999999,-0.028808000000000056,8.299500000000015e-05,0.031128000000000003,-0.066528,0.0004119700000000001,0.07836899999999997,-0.09314,-0.0001861849999999987,18.493657,-8.178711999999999,0.13458253000000003,4.02832,-4.699708,-0.27893070999999997,8.300781,-2.136231,0.08758544999999998,B,riding
79,0.02490199999999998,-0.017699999999999938,-0.002055044999999999,0.040526999999999994,-0.047729,0.0008605949999999998,0.044067999999999996,-0.06591800000000003,0.0052032400000000005,5.432129,-3.90625,0.093383765,3.2958989999999995,-4.699708,-0.12634275499999995,2.319336,-1.89209,-0.09185790500000003,B,riding
80,0.02490199999999998,-0.016846000000000028,0.00043274999999999894,0.041259000000000004,-0.047729,0.0001288000000000003,0.044433,-0.06591800000000003,-0.001024795,3.3569340000000003,-3.2959,-0.072021495,3.4179690000000003,-3.601074,0.032043465,2.075195,-1.89209,-0.17608645,B,riding
81,0.02490199999999998,-0.018921000000000077,6.835999999999953e-05,0.041259000000000004,-0.047729,-0.0019506900000000001,0.05627500000000002,-0.06591800000000003,0.00028685500000000003,3.3569340000000003,-3.2959,-0.014343255,3.4179690000000003,-3.7841810000000002,-0.102844305,2.075195,-14.648441,-0.07507325499999996,B,riding
82,0.02490199999999998,-0.02575700000000003,-0.001127895000000002,0.079589,-0.047729,-0.0002014100000000002,0.07226499999999997,-0.06591800000000003,0.0035431000000000013,3.3569340000000003,-4.028321,-0.08911132000000002,5.126954,-3.7841810000000002,-0.05645754000000002,14.099125,-14.648441,0.132141155,B,riding
83,0.0194089999999999,-0.02575700000000003,-0.0013244500000000015,0.079589,-0.03454599999999999,0.0038287300000000002,0.07226499999999997,-0.05895999999999996,0.0032604900000000004,3.479004,-4.028321,-0.07934573000000002,5.126954,-3.7841810000000002,0.11505124500000004,14.099125,-14.648441,0.11169434500000001,B,riding
84,0.021361999999999992,-0.02575700000000003,-0.0013977000000000017,0.079589,-0.045532,0.0017815949999999998,0.07226499999999997,-0.05895999999999996,0.0036206099999999985,3.479004,-4.028321,-0.039062490000000005,5.126954,-3.7841810000000002,0.12695313,14.099125,-14.648441,-0.02655031000000001,B,riding
85,0.021361999999999992,-0.02575700000000003,-0.00010865500000000028,0.079589,-0.045532,0.00028442000000000023,0.07226499999999997,-0.05895999999999996,0.00013796000000000085,3.479004,-4.028321,0.006103519999999985,5.126954,-3.6010739999999997,0.195312555,14.099125,-2.990724,-0.05767824,B,riding
86,0.021361999999999992,-0.01415999999999995,0.0011028650000000006,0.044922,-0.045532,-0.0037475449999999997,0.040406,-0.057250999999999996,-0.0025945950000000008,3.479004,-2.563477,0.028381334999999983,3.906251,-3.051758,0.10101321000000002,3.112794,-2.990724,-0.13977054,B,riding
87,0.021361999999999992,-0.012206999999999968,0.0014428499999999988,0.043456999999999996,-0.045532,-0.00442689,0.036621000000000015,-0.057250999999999996,-0.0032714700000000007,2.319336,-2.075196,0.017089854999999994,3.051759,-3.051758,-0.127258315,3.112794,-2.990724,0.00579832999999999,B,riding
88,0.016845,-0.012206999999999968,0.00023925500000000156,0.036743,-0.043579,-0.002655005,0.036621000000000015,-0.03686600000000001,-0.0003619349999999985,2.319336,-2.075196,-0.006713875000000007,2.258301,-1.892091,0.019226075000000013,2.5024420000000003,-2.746582,0.09521486499999998,B,riding
89,0.022950000000000026,-0.012695000000000012,0.001740744999999999,0.043335,-0.043579,0.00318605,0.03271400000000002,-0.06579599999999997,-0.005729395000000001,1.831055,-3.112793,-0.189209025,2.929688,-1.892091,0.4446411800000001,2.5024420000000003,-2.746582,0.31463628499999996,B,riding
90,0.03161599999999998,-0.012695000000000012,0.00392518,0.057373,-0.016113000000000002,0.010063465,0.03271400000000002,-0.097412,-0.012550675,1.586914,-3.7231449999999997,-0.16540528499999996,2.929688,-3.173829,0.058288585000000025,2.319337,-1.708985,0.152587925,B,riding
91,0.03161599999999998,-0.016966999999999954,0.003345355000000001,0.057373,-0.0271,0.009408565,0.044677999999999995,-0.097412,-0.01104738,2.685546,-3.7231449999999997,0.06225588000000002,2.929688,-3.173829,-0.25482175999999995,2.319337,-1.708985,-0.08239747500000007,B,riding
92,0.03161599999999998,-0.016966999999999954,0.0019531399999999964,0.057373,-0.0271,0.0074938949999999995,0.044677999999999995,-0.097412,-0.006869520000000002,2.685546,-3.7231449999999997,0.011596674999999976,2.929688,-3.173829,-0.152587905,2.319337,-1.708985,-0.07507326,B,riding
93,0.03161599999999998,-0.016966999999999954,-0.0008068849999999977,0.057373,-0.0271,0.00418944,0.044677999999999995,-0.097412,0.0012793050000000016,2.685546,-3.7231449999999997,0.142211935,3.66211,-3.173829,-0.33020028500000004,0.9155280000000001,-1.8310549999999999,-0.2944947,B,riding
94,0.04772900000000002,-0.016966999999999954,0.0019500749999999995,0.029296999999999997,-0.065186,-0.00463318,0.044677999999999995,-0.12573299999999998,-0.004254750000000001,5.310059,-3.5400389999999997,0.23162844000000005,6.408691999999999,-4.150391,0.42022708499999994,1.7089839999999998,-2.01416,-0.21362308,B,riding
95,0.04772900000000002,-0.03625400000000001,0.000629905,0.038940999999999996,-0.065186,-0.0033715800000000003,0.09326200000000001,-0.12573299999999998,-0.0012219049999999986,5.310059,-4.821778,3.552713678800501e-17,6.408691999999999,-8.789064,-0.22277843499999997,3.173829,-2.01416,0.1376343,B,riding
96,0.04772900000000002,-0.03625400000000001,0.0015307350000000042,0.038940999999999996,-0.065186,-0.00269838,0.09326200000000001,-0.12573299999999998,-0.0038391,5.310059,-4.821778,0.025939940000000005,6.408691999999999,-8.789064,0.1559448249999999,3.173829,-2.01416,-0.03173829999999999,B,riding
97,0.04772900000000002,-0.03625400000000001,0.002542114999999999,0.038940999999999996,-0.065186,-0.004593515,0.09326200000000001,-0.12573299999999998,-0.00613648,5.310059,-4.821778,0.056457545000000005,6.408691999999999,-8.789064,-0.12115476000000001,3.173829,-2.01416,0.051574704999999985,B,riding
98,0.02917499999999995,-0.03625400000000001,-0.0025195150000000013,0.038940999999999996,-0.030396,-0.0008001700000000004,0.09326200000000001,-0.069214,0.00631958,4.089355,-4.821778,-0.02960205499999997,3.6010750000000002,-8.789064,-0.58013923,3.173829,-2.01416,0.11260986499999999,B,riding
99,0.013428000000000107,-0.025878999999999985,-0.0023333949999999985,0.036377,-0.03149400000000001,-0.0010796799999999997,0.06799300000000003,-0.03454499999999999,0.0063384949999999995,1.953125,-2.441407,-0.133361845,5.493165,-3.4790050000000003,0.48553476500000003,1.403809,-2.01416,0.04730225999999999,B,riding
100,0.02221699999999993,-0.025878999999999985,4.517499999999786e-05,0.045043999999999994,-0.03149400000000001,0.00146667,0.06799300000000003,-0.06054700000000002,-0.00013977500000000086,1.953125,-2.3803710000000002,-0.003051745000000006,5.493165,-3.4790050000000003,-0.031738235000000004,1.403809,-1.464844,0.030822754999999997,B,riding
101,0.02221699999999993,-0.025878999999999985,-0.0007080200000000003,0.0708,-0.061035000000000006,0.0033184950000000003,0.06799300000000003,-0.06054700000000002,0.001311644999999998,2.8076169999999996,-2.746582,0.09552002500000001,5.493165,-3.4790050000000003,-0.02532961000000002,3.4179690000000003,-3.356933,-0.05859373000000002,B,riding
102,0.028687000000000018,-0.025878999999999985,0.0013934250000000009,0.0708,-0.071777,0.0008416800000000002,0.06799300000000003,-0.06433100000000003,-0.003562,2.8076169999999996,-2.746582,-0.011291510000000005,5.493165,-5.004883,0.09765625,3.4790030000000005,-3.540039,0.04638672000000001,B,riding
103,0.028687000000000018,-0.018677000000000055,0.0023547299999999976,0.0708,-0.071777,-0.001507615,0.044800000000000006,-0.06433100000000003,-0.005919215000000001,2.8076169999999996,-2.746582,0.14434818,4.089356,-5.004883,-0.04974362000000003,3.4790030000000005,-3.540039,-0.16632079500000002,B,riding
104,0.028687000000000018,-0.018677000000000055,0.0003552150000000004,0.0708,-0.071777,-0.0019262399999999996,0.044800000000000006,-0.06433100000000003,-0.0006475849999999983,2.8076169999999996,-2.746582,0.015563964999999987,3.78418,-5.004883,-0.04608156500000003,3.4790030000000005,-3.540039,-0.119018565,B,riding
105,0.028687000000000018,-0.018677000000000055,3.0450000000004083e-06,0.05566399999999999,-0.071777,-0.00458434,0.044800000000000006,-0.06433100000000003,0.0008819800000000016,3.234864,-2.3803710000000002,-0.04638672,3.78418,-5.004883,0.07415769999999997,3.4790030000000005,-3.540039,0.14495849499999997,B,riding
106,0.015259000000000023,-0.018677000000000055,-0.0017962650000000009,0.059204,-0.06103499999999999,-0.0035235699999999997,0.05932599999999999,-0.05102499999999999,0.005397954999999999,3.78418,-5.065919,0.109863315,2.746582,-3.601074,-0.14312744000000002,2.990723,-3.479005,-0.09063717499999999,B,riding
107,0.015259000000000023,-0.01831000000000005,-0.0010284149999999987,0.059204,-0.06103499999999999,-0.002462125,0.05932599999999999,-0.05102499999999999,0.0034094450000000014,3.78418,-5.065919,-0.041503914999999995,2.746582,-2.9296879999999996,0.006408674999999996,3.234864,-3.479005,0.18768313499999997,B,riding
108,0.015259000000000023,-0.01831000000000005,-0.0011462449999999997,0.059814000000000006,-0.06103499999999999,-0.0006238100000000002,0.05932599999999999,-0.05102499999999999,0.0030712899999999987,3.78418,-5.065919,-0.05889893000000001,2.746582,-2.9296879999999996,0.07537841,4.211427,-3.479005,0.26306158500000004,B,riding
109,0.015259000000000023,-0.01831000000000005,8.973499999999968e-05,0.075806,-0.06665,0.00341124,0.05932599999999999,-0.05102499999999999,-0.0008551300000000009,3.78418,-5.065919,0.016174285,2.1362319999999997,-2.9296879999999996,-0.133361795,4.760743,-5.1269540000000005,-0.14678958,B,riding
110,0.011352000000000029,-0.01306099999999999,-0.0005603200000000002,0.076172,-0.092285,0.00015746999999999956,0.036499000000000004,-0.023316000000000003,0.0013049099999999996,3.5400389999999997,-3.051758,-0.07537843999999999,1.464844,-1.1596680000000001,0.17913817999999998,5.249023,-5.1269540000000005,-0.012512270000000037,B,riding
111,0.011963000000000057,-0.009766000000000052,0.00014828499999999854,0.08496100000000001,-0.092285,0.002443235,0.02868599999999999,-0.030883999999999967,-0.001026000000000001,3.5400389999999997,-3.356934,-0.032043485,1.464844,-1.1596680000000001,-0.0012207399999999869,5.249023,-5.1269540000000005,-0.034790094999999986,B,riding
112,0.011963000000000057,-0.009888000000000008,0.00046387999999999985,0.08496100000000001,-0.092285,0.0003619599999999995,0.02868599999999999,-0.030883999999999967,-0.0013537500000000006,3.5400389999999997,-3.356934,-0.06805420499999998,1.464844,-1.1596680000000001,0.020751985,5.249023,-5.1269540000000005,-0.034484900000000034,B,riding
113,0.011963000000000057,-0.009888000000000008,0.0005865449999999994,0.091552,-0.092285,-0.00050537,0.02868599999999999,-0.030883999999999967,-0.0014959499999999991,2.929688,-3.356934,-0.05981443499999999,1.464844,-1.037598,0.11505128500000002,5.249023,-4.943849,-0.06042479499999999,B,riding
114,0.012328999999999923,-0.009888000000000008,0.0012304800000000028,0.091552,-0.084107,0.00044800500000000023,0.023192999999999964,-0.030883999999999967,-0.0034545950000000004,2.9296879999999996,-3.356934,-0.015869125000000005,1.098633,-1.2817390000000002,-0.134887675,4.943848,-4.943849,-0.019836384999999998,B,riding
