window_id,DeviceA_ax_max,DeviceA_ax_min,DeviceA_ax_mean,DeviceA_ay_max,DeviceA_ay_min,DeviceA_ay_mean,DeviceA_az_max,DeviceA_az_min,DeviceA_az_mean,DeviceA_gx_max,DeviceA_gx_min,DeviceA_gx_mean,DeviceA_gy_max,DeviceA_gy_min,DeviceA_gy_mean,DeviceA_gz_max,DeviceA_gz_min,DeviceA_gz_mean,DeviceB_ax_max,DeviceB_ax_min,DeviceB_ax_mean,DeviceB_ay_max,DeviceB_ay_min,DeviceB_ay_mean,DeviceB_az_max,DeviceB_az_min,DeviceB_az_mean,DeviceB_gx_max,DeviceB_gx_min,DeviceB_gx_mean,DeviceB_gy_max,DeviceB_gy_min,DeviceB_gy_mean,DeviceB_gz_max,DeviceB_gz_min,DeviceB_gz_mean,activity
,0.013916,-0.0115969999999999,-0.000346685,0.073853,-0.062378,-0.00283812,0.057129,-0.04541,0.0029101549999999,1.098634,-1.953126,-0.0424194399999999,2.685547,-2.075196,0.172119095,3.173828,-1.831054,0.238952615,0.0168459999999999,-0.014526,-0.000709815,0.031494,-0.027832,0.00160523,0.0338129999999999,-0.037964,0.00161866,0.915527,-1.64795,-0.03204347,3.051758,-1.708984,0.24078378,1.953125,-2.563477,-0.16998294,riding
,0.017212,-0.013916,0.0001263299999999,0.09436,-0.081054,-0.0002142649999999,0.066162,-0.0585939999999999,0.0004882549999999,1.464844,-1.953126,0.01342772,2.685547,-3.112793,-0.13824469,3.173829,-3.845215000000001,0.0216674899999999,0.0220949999999999,-0.0175779999999999,7.510000000000128e-05,0.03772,-0.03186,0.00025148,0.04126,-0.0489499999999999,-6.105000000000082e-05,1.2817379999999998,-1.64795,-0.0134277349999999,3.051758,-3.723144,0.016784685,2.990723,-2.563477,0.136108435,riding
,0.017212,-0.013916,0.00091922,0.09436,-0.081054,0.00433287,0.066162,-0.0585939999999999,0.00013796,1.464844,-1.953126,0.03204345,2.685547,-3.112793,0.057983415,3.173829,-4.882814,-0.189209015,0.0220949999999999,-0.0175779999999999,0.0010003649999999,0.03772,-0.03186,5.309000000000008e-05,0.04126,-0.0489499999999999,-0.00250733,1.342774,-1.64795,0.05828858,3.051758,-4.516602,-0.1812744349999999,2.990723,-2.563477,-0.0598144649999999,riding
,0.017212,-0.027222,-0.00027219,0.098755,-0.145874,-0.000951525,0.066162,-0.0585939999999999,-0.0017260799999999,1.464844,-1.953126,0.01800539,2.319336,-3.112793,-0.1821899899999999,5.126953,-4.882814,-0.1638793949999999,0.0220949999999999,-0.030884,-0.00011965,0.03772,-0.03186,-0.0014325,0.074829,-0.0489499999999999,0.0005877899999999,1.403808,-1.64795,-0.000915515,4.821777,-4.516602,-0.1651001399999999,2.990723,-2.441407,0.175170935,riding
,0.017212,-0.027222,0.0003710949999999,0.098755,-0.145874,0.00211975,0.066162,-0.0585939999999999,-0.0026245149999999,1.464844,-1.770021,0.03082275,2.197267,-3.112793,-0.03906248,5.126953,-4.882814,-0.0527954549999999,0.0220949999999999,-0.030884,0.000413215,0.03772,-0.03186,-0.0014929449999999,0.074829,-0.0489499999999999,-0.000562745,1.403808,-1.586915,0.0283813749999999,4.821777,-4.516602,-0.053405785,2.990723,-2.319336,0.0448608749999999,riding
,0.016846,-0.027222,-0.0002838149999999,0.098755,-0.145874,-0.000394255,0.045532,-0.055053,-0.00213928,1.403809,-1.647949,0.0088501,2.01416,-2.319336,0.17883302,5.126953,-4.882814,0.038452145,0.020141,-0.030884,-0.00010988,0.020752,-0.0268559999999999,-0.001703495,0.074829,-0.046997,0.000496815,1.403808,-1.586915,0.0326538299999999,4.821777,-4.516602,0.046386705,2.319336,-1.953125,-0.169677745,riding
,0.016846,-0.027222,-0.000812395,0.098755,-0.145874,-0.003943475,0.048951,-0.055053,0.0004296899999999,1.892091,-1.77002,-0.01647949,2.807617,-2.319336,0.1754761049999999,5.126953,-4.272461,0.327148435,0.020141,-0.030884,-0.0006359849999999,0.0262449999999999,-0.031006,-0.000616445,0.074829,-0.046997,0.00155641,1.892091,-1.586915,-0.018615735,4.821777,-3.90625,0.3292846949999999,2.319336,-2.929688,-0.1660157,riding
,0.012085,-0.0109869999999999,0.00030944,0.0709229999999999,-0.064942,0.00090638,0.105346,-0.077515,0.0043139499999999,1.892091,-1.77002,0.02136231,3.723145,-4.333497,-0.052490225,2.319336,-2.380371,-0.02166747,0.016724,-0.014282,0.00038147,0.06128,-0.044922,0.002293695,0.0310059999999999,-0.0366209999999999,-0.00170411,2.01416,-14.28223,-0.066528345,2.01416,-2.075196,-0.01312258,4.089356,-3.601076,0.048828055,riding
,0.012085,-0.0109869999999999,0.000450435,0.0709229999999999,-0.064942,0.00268065,0.105346,-0.077515,3.66099999999997e-05,1.892091,-1.77002,-0.02227785,3.845216,-4.333497,-0.181579595,2.746582,-2.380371,-0.09490967,0.016724,-0.014282,0.0009429899999999,0.06128,-0.044922,0.000137375,0.0310059999999999,-0.0366209999999999,-0.00284912,15.319828,-14.28223,-0.044555695,2.563478,-2.075196,-0.10131836,4.089356,-3.662109,0.171203625,riding
,0.012085,-0.0109869999999999,0.0009051399999999,0.0709229999999999,-0.064942,0.00502503,0.105346,-0.077515,0.00011293,1.892091,-1.77002,-0.0283813549999999,3.845216,-4.333497,-0.099487325,2.746582,-2.380371,-0.0372314749999999,0.016724,-0.014282,0.00125978,0.06128,-0.044922,0.00069885,0.0310059999999999,-0.0366209999999999,-0.00379393,15.319828,-14.28223,-0.0378418199999999,2.563478,-2.075196,-0.0390624949999999,4.089356,-3.662109,0.08422847,riding
,0.0152579999999999,-0.012939,0.00074828,0.0834959999999999,-0.06836,0.0043109099999999,0.105346,-0.077515,-0.0007848999999999,1.64795,-1.464844,0.004577635,3.845216,-4.333497,-0.13549808,2.929688,-2.685547,-0.16906741,0.0177009999999999,-0.014282,0.00112183,0.06128,-0.044922,0.000441285,0.030029,-0.041992,-0.00323608,15.319828,-14.28223,-0.0003051599999999,2.746582,-2.624513,-0.160522495,4.089356,-3.662109,0.121460025,riding
,0.0152579999999999,-0.016235,-0.00012574,0.0834959999999999,-0.0921629999999999,-2.8064999999999617e-05,0.066528,-0.068115,-0.0023913449999999,1.098633,-1.464844,-0.036621105,3.845216,-2.868653,0.065612805,2.929688,-2.685547,0.084533665,0.0177009999999999,-0.017212,7.994999999999919e-05,0.0384519999999999,-0.038208,-0.000723265,0.0415039999999999,-0.041992,-0.0001922599999999,15.319828,-1.098633,0.04943851,2.746582,-2.624513,0.06744388,2.868653,-3.662109,-0.061340275,riding
,0.0152579999999999,-0.016235,0.0001062099999999,0.0834959999999999,-0.0921629999999999,0.0007080199999999,0.066528,-0.068115,0.001351925,1.098633,-1.281738,0.03112794,2.441406,-1.708985,0.3302002,2.929688,-2.685547,0.119018585,0.0177009999999999,-0.017212,7.444999999999923e-05,0.0384519999999999,-0.038208,0.00111021,0.0415039999999999,-0.041992,-0.00055237,1.5869140000000002,-1.098633,0.0817871449999999,2.746582,-2.624513,0.133056625,1.708984,-2.319336,-0.31066897,riding
,0.0152579999999999,-0.016235,-0.0004284549999999,0.0834959999999999,-0.0921629999999999,-0.003222055,0.08313,-0.068115,0.002624495,1.098633,-1.281738,-0.0036620999999999,2.441406,-3.4790050000000003,-0.199584995,2.929688,-2.685547,-0.2410889099999999,0.0177009999999999,-0.017212,-0.000809955,0.04773,-0.038208,0.00143495,0.0415039999999999,-0.041992,0.00209047,1.403809,-1.403809,-0.019226105,2.746582,-2.624513,-0.2523804149999999,3.2958990000000004,-2.319336,0.194397025,riding
,0.0119629999999999,-0.016235,-7.995499999999878e-05,0.0596929999999999,-0.0921629999999999,-0.0006402399999999,0.08313,-0.068359,0.00059142,0.915528,-1.342774,-0.0057983499999999,3.17383,-3.4790050000000003,0.0378418099999999,3.845215,-2.868653,0.0488281,0.014526,-0.0174559999999999,-0.000393685,0.04773,-0.037719,0.000656125,0.0415039999999999,-0.03247,0.001146235,1.159668,-1.403809,-0.00488282,3.41797,-2.746582,0.0512695249999999,3.2958990000000004,-2.990723,-0.03448486,riding
,0.0119629999999999,-0.0135499999999999,-0.0001757649999999,0.0596929999999999,-0.0676269999999999,-0.001120625,0.08313,-0.068359,0.0004425,1.098634,-1.342774,0.0238037149999999,3.17383,-3.4790050000000003,0.0439452999999999,3.845215,-2.868653,-0.1000976949999999,0.014526,-0.0174559999999999,-0.000563925,0.04773,-0.037719,0.000245975,0.038574,-0.03247,0.0015948499999999,0.915527,-1.403809,0.03906251,3.41797,-2.746582,-0.0872802699999999,3.2958990000000004,-2.990723,-0.0433349799999999,riding
,0.0100099999999999,-0.0135499999999999,-0.0005212449999999,0.0596929999999999,-0.0676269999999999,-0.002977905,0.08313,-0.068359,-0.0005639599999999,1.098634,-1.342774,-0.0152587899999999,3.17383,-3.4790050000000003,-0.192871095,3.845215,-2.868653,-0.0573731099999999,0.014526,-0.0174559999999999,-0.0009911949999999,0.04773,-0.0354,-0.0004595849999999,0.038574,-0.03247,0.0029730299999999,0.915527,-1.403809,-0.048522975,3.41797,-2.746582,-0.0656127999999999,3.2958990000000004,-2.990723,0.179138175,riding
,0.011475,-0.0135499999999999,-0.000116565,0.063355,-0.063354,-0.0003265349999999,0.06897,-0.068359,-0.0001617399999999,1.098634,-1.342774,-0.00854491,3.17383,-1.892091,0.232849215,3.845215,-2.868653,0.31738289,0.014526,-0.0174559999999999,-0.00048276,0.043579,-0.0354,0.000322865,0.038574,-0.0332029999999999,0.001279895,1.037597,-0.915527,0.0024414649999999,3.41797,-2.746582,0.3216553,1.953125,-2.990723,-0.22064212,riding
,0.011475,-0.0135499999999999,-0.000792235,0.063355,-0.059448,-0.00471314,0.06897,-0.033447,0.00178529,1.098634,-0.976563,-0.0091552499999999,0.7934569999999999,-1.892091,-0.08575442,2.746582,-2.685547,-0.0064086649999999,0.0122069999999999,-0.0126959999999999,-0.0013293399999999,0.035035,-0.0269779999999999,0.0009259149999999,0.0346679999999999,-0.0332029999999999,0.00331482,1.037598,-0.915527,-0.02014161,2.441407,-2.502443,-0.0238036999999999,1.953125,-0.732422,0.0881957849999999,riding
,0.011475,-0.010132,-2.6265000000001986e-05,0.063355,-0.0528569999999999,-0.00058776,0.034912,-0.033447,0.00149718,0.915528,-0.976563,-0.0131225699999999,0.6103509999999999,-0.732422,-0.0625610299999999,2.746582,-2.319337,0.04608157,0.0122069999999999,-0.0114739999999999,-0.0003180349999999,0.031739,-0.0269779999999999,0.0012725949999999,0.0260009999999999,-0.0332029999999999,0.000693965,1.037598,-0.915527,-0.03021243,2.441407,-2.0141600000000004,0.0421142649999999,0.732422,-0.6103510000000001,0.060729995,riding
,0.011475,-0.010132,5.860499999999769e-05,0.063355,-0.0528569999999999,-0.000103145,0.034912,-0.039551,0.0018548699999999,0.915528,-0.793457,-0.0015258899999999,0.7934570000000001,-0.732422,0.00579834,2.746582,-2.319337,0.0018310699999999,0.0122069999999999,-0.0114739999999999,-0.000217295,0.031739,-0.0269779999999999,0.00197874,0.0260009999999999,-0.0332029999999999,0.00019896,1.037598,-0.793458,-0.000305155,2.441407,-2.0141600000000004,0.00427248,0.732422,-0.671387,-0.0061035199999999,riding
,0.011109,-0.008057,-0.0003027399999999,0.055542,-0.04541,-0.002164915,0.034912,-0.039551,0.0015716449999999,0.915528,-0.793457,0.020446755,0.7934570000000001,-0.7934570000000001,-0.046081595,1.281739,-2.319337,-0.15594488,0.010986,-0.0097659999999999,-0.0006024249999999,0.020264,-0.0269779999999999,0.001427605,0.026733,-0.033081,0.0013568049999999,1.037598,-0.732422,0.0311279099999999,1.220704,-2.0141600000000004,-0.153808595,0.732422,-0.671387,0.04333497,riding
,0.024536,-0.026123,-0.0005462549999999,0.1241449999999999,-0.133544,-0.003654775,0.038574,-0.039551,0.00223815,1.281738,-15.319828,-0.06622317,0.7934570000000001,-0.7934570000000001,-0.0076294049999999,4.089357,-3.2958990000000004,0.0247192499999999,0.020263,-0.0236809999999999,-0.000831925,0.020264,-0.022217,0.002000105,0.062012,-0.0540769999999999,0.001889645,1.403809,-1.159668,0.0057983399999999,3.3569340000000003,-2.807618,0.0149536449999999,0.732422,-0.7324220000000001,0.0103759949999999,riding
,0.030396,-0.0278319999999999,0.0006292849999999,0.161377,-0.142944,0.0031066749999999,0.038574,-0.039551,0.000706175,15.136723,-15.319828,-0.0109863049999999,0.7934570000000001,-0.7934570000000001,0.0814819449999999,5.126954,-4.272461,0.02563481,0.0313729999999999,-0.0236809999999999,0.0004986799999999,0.019898,-0.022217,0.001279895,0.062012,-0.084106,-0.00150573,1.464843,-2.01416,0.0033569299999999,4.638672,-3.967286,0.03692628,0.732422,-0.793457,-0.080871585,riding
,0.030396,-0.0278319999999999,-0.00032776,0.161377,-0.142944,-0.00195313,0.038574,-0.030273,0.0018627949999999,15.136723,-15.319828,-0.000610355,0.7934569999999999,-0.7934570000000001,-0.00274656,5.126954,-4.272461,-0.000305135,0.0313729999999999,-0.0236809999999999,-0.0005914249999999,0.019898,-0.017578,0.00113405,0.062012,-0.084106,0.0013385149999999,1.464843,-2.01416,0.0015258349999999,4.638672,-3.967286,-0.00854495,0.732422,-0.793457,0.0085449149999999,riding
,0.030396,-0.0278319999999999,0.000119645,0.161377,-0.142944,0.0013897699999999,0.038574,-0.052735,-0.00104675,15.136723,-15.319828,0.006713875,0.854492,-0.854492,0.1000977,5.126954,-4.272461,0.09735111,0.0313729999999999,-0.0236809999999999,0.0004040399999999,0.019898,-0.029419,-0.00035462,0.062012,-0.084106,-0.0011230549999999,1.464843,-2.01416,0.0094604399999999,4.638672,-3.967286,0.10314941,0.854492,-0.7934580000000001,-0.10040286,riding
,0.030396,-0.03955,5.554499999999796e-05,0.161377,-0.213867,0.0009020899999999,0.05957,-0.052735,2.075500000000015e-05,15.136723,-1.89209,0.07232668,0.854492,-2.0141600000000004,-0.05493162,5.126954,-4.272461,-0.1013183799999999,0.0313729999999999,-0.035888,0.00044862,0.033325,-0.029419,0.000266735,0.0874029999999999,-0.084106,-0.00140809,1.464843,-2.01416,0.0091552699999999,4.638672,-3.967286,-0.115661625,2.136231,-0.7934580000000001,0.0555419899999999,riding
,0.041259,-0.03955,-0.0002038699999999,0.208984,-0.213867,-0.0021014349999999,0.061524,-0.062622,0.00144655,1.831055,-1.89209,-0.0115967,1.464844,-2.0141600000000004,-0.018310555,5.310059,-3.78418,-0.01892091,0.0319819999999999,-0.035888,-0.0007702799999999,0.035034,-0.029419,0.0005682449999999,0.0874029999999999,-0.07959,0.0020770149999999,1.525879,-2.1362300000000003,-0.02319335,4.5166010000000005,-3.540039,-0.02868656,2.136231,-1.5869140000000002,0.016174325,riding
,0.041259,-0.03955,0.000428465,0.208984,-0.213867,0.0020129149999999,0.061524,-0.062622,-0.0003832849999999,1.953125,-1.89209,0.0192261149999999,1.464844,-2.0141600000000004,-0.15624998,5.310059,-3.0517570000000003,-0.06286626,0.0319819999999999,-0.035888,0.00039917,0.035034,-0.029419,0.0003924549999999,0.0874029999999999,-0.07959,-0.0008880699999999,2.01416,-2.1362300000000003,-0.0057983,4.5166010000000005,-2.868653,-0.042419405,2.136231,-1.5869140000000002,0.138855015,riding
,0.041259,-0.03955,0.0001818599999999,0.208984,-0.213867,-0.0002496349999999,0.076293,-0.065796,0.002285165,1.953125,-1.89209,0.0030517699999999,4.028321,-2.0141600000000004,0.235290535,5.310059,-3.0517570000000003,0.10925295,0.0319819999999999,-0.035888,-0.0003290049999999,0.039673,-0.0415039999999999,0.00207032,0.0874029999999999,-0.07959,0.0008605949999999,2.01416,-2.1362300000000003,0.0402831949999999,4.5166010000000005,-2.868653,0.1190186,2.136231,-3.66211,-0.2160645099999999,riding
,0.041259,-0.03125,0.0009484699999999,0.208984,-0.168701,0.001098625,0.190552,-0.1364739999999999,0.0078295899999999,4.516602,-3.417969,0.057678215,4.028321,-9.277346,-0.675354205,5.310059,-4.577638,-0.1666260149999999,0.0319819999999999,-0.0335699999999999,-0.0003009149999999,0.130737,-0.070312,0.0053472949999999,0.081177,-0.07959,0.00069947,3.967286,-3.601075,-0.065612795,4.5166010000000005,-4.272462,-0.1470947999999999,9.338382,-3.66211,0.655212485,riding
,0.017822,-0.019654,3.784999999999816e-05,0.099731,-0.0948489999999999,-0.001104105,0.190552,-0.141602,0.0038806049999999,4.516602,-4.577637,-0.036621055,7.629397,-9.277346,0.4638672350000001,3.112794,-4.577638,0.13092041,0.0291749999999999,-0.025878,-0.00030393,0.130737,-0.08606,0.005288705,0.057983,-0.0714109999999999,0.000371085,3.967286,-16.357426,-0.04364016,2.929688,-4.272462,0.1431274999999999,9.338382,-7.690431999999999,-0.47210697,riding
,0.0151369999999999,-0.013306,-7.995499999999878e-05,0.084839,-0.0930179999999999,-8.481499999999975e-05,0.190552,-0.141602,-0.00288028,5.004883,-4.577637,-0.018005395,7.629397,-9.277346,0.2206420749999999,3.112794,-4.577638,0.057983435,0.0177,-0.025878,0.0001495199999999,0.130737,-0.08606,-0.0018145749999999,0.057983,-0.041748,-2.805499999999961e-05,15.258793,-16.357426,0.01464841,2.929688,-4.272462,0.04516597,9.338382,-7.690431999999999,-0.2221679899999998,riding
,0.0151369999999999,-0.013306,-0.0003240799999999,0.084839,-0.0930179999999999,-0.00225341,0.190552,-0.141602,0.0020263449999999,5.004883,-4.577637,0.0061035049999999,7.629397,-9.277346,-0.1052856549999999,2.990723,-4.577638,-0.0033569399999999,0.0177,-0.025878,-0.0004858049999999,0.130737,-0.08606,0.0005780099999999,0.057983,-0.041748,0.00115843,15.258793,-16.357426,-0.0048828099999999,2.746583,-4.272462,-0.017394985,9.338382,-7.690431999999999,0.1150513149999999,riding
,0.0159909999999999,-0.013306,-0.0003204299999999,0.0993649999999999,-0.082275,0.001695565,0.130616,-0.141602,-0.007864395,5.004883,-4.577637,-0.069274905,7.629397,-5.004883,0.72082537,2.990723,-3.051759,0.271911685,0.0234379999999999,-0.02356,0.0006146199999999,0.095948,-0.08606,-0.0057629399999999,0.050537,-0.0552979999999999,-0.00114988,15.258793,-16.357426,0.03723145,2.746583,-2.563477,0.27923587,4.638674,-7.690431999999999,-0.69885264,riding
,0.0159909999999999,-0.013306,-0.000531625,0.0993649999999999,-0.073486,-0.0004815849999999,0.110596,-0.112183,-0.00574705,5.004883,-1.708985,0.0701904099999999,4.760744,-5.004883,-0.50170906,2.990723,-3.051759,-0.181274475,0.0234379999999999,-0.018432,0.00040096,0.0527339999999999,-0.068238,-0.0064721799999999,0.0477299999999999,-0.0552979999999999,-0.000474245,15.258793,-2.380371,0.08239748,2.624513,-2.563477,-0.189514175,4.638674,-4.577638,0.5148316,riding
,0.0159909999999999,-0.0131839999999999,-0.000153815,0.0993649999999999,-0.073486,-0.00053771,0.110596,-0.11084,0.002612315,1.892091,-1.403809,0.0070190299999999,4.760744,-3.356935,-0.01708987,2.990723,-3.051759,0.008239745,0.0234379999999999,-0.018432,-3.110999999999808e-05,0.0527339999999999,-0.054809,0.0010791,0.0477299999999999,-0.0552979999999999,-0.000287495,2.075196,-1.892091,0.0085449399999999,2.624513,-2.563477,0.0039672849999999,3.662109,-4.577638,0.0354004199999999,riding
,0.0159909999999999,-0.0131839999999999,0.00030944,0.0993649999999999,-0.0634759999999999,0.0032336299999999,0.062622,-0.11084,-0.004326165,1.525879,-1.403809,-0.0161743149999999,2.563476,-3.356935,-0.15625,2.563477,-3.051759,-0.220642135,0.0234379999999999,-0.012573,0.0010327149999999,0.03772,-0.054199,-0.0030529949999999,0.036133,-0.0552979999999999,-0.0024676299999999,1.342774,-1.892091,-0.02624514,2.075196,-2.563477,-0.2182007799999999,3.173829,-3.0517580000000004,0.131835955,riding
,0.0140379999999999,-0.0111089999999999,-0.00031921,0.071289,-0.055542,-0.00095155,0.05896,-0.040283,-0.001168225,0.976563,-1.220703,-0.0027465849999999,1.037598,-0.8544930000000001,0.05371098,2.563477,-2.990723,-0.0738525199999999,0.014892,-0.012573,-0.00029844,0.030395,-0.0241699999999999,-0.001116345,0.031738,-0.0401619999999999,0.00103575,1.220704,-1.098633,0.02014161,2.075196,-2.502442,-0.07751463,0.7934570000000001,-0.976562,-0.06042482,riding
,0.0140379999999999,-0.008789,-0.0002325249999999,0.071289,-0.045655,-0.00078918,0.05896,-0.040283,-0.0009949,1.037598,-1.098633,-0.0122070549999999,1.037598,-1.159668,-0.01129147,2.563477,-1.89209,0.050659195,0.0124519999999999,-0.0097659999999999,-0.00019041,0.030395,-0.0241699999999999,-0.00104981,0.021241,-0.031494,0.0007824849999999,1.037597,-1.098633,-0.02105714,2.075196,-1.64795,0.047607385,0.976563,-0.976562,0.0085449049999999,riding
,0.02417,-0.0086669999999999,0.00040405,0.1278069999999999,-0.0400389999999999,0.001991555,0.059937,-0.0559079999999999,-0.001557615,1.892091,-1.831056,-0.0128173749999999,1.647949,-1.159668,0.0280761699999999,2.441407,-3.051757,0.10070802,0.0246579999999999,-0.0097659999999999,0.000419925,0.03125,-0.036866,-0.00135255,0.0200199999999999,-0.0611569999999999,-0.00071776,2.01416,-1.403809,-0.01800538,2.075196,-2.502443,0.09704595,0.976563,-1.464844,-0.0280761949999999,riding
,0.0275879999999999,-0.022827,-0.00047546,0.143555,-0.137695,-0.00434509,0.137817,-0.090698,0.00281129,2.319336,-3.112793,-0.0341796949999999,3.479004,-4.211425,-0.0366210949999999,6.8359380000000005,-3.295898,0.31951909,0.03064,-0.0303959999999999,-0.0008746349999999,0.073486,-0.051758,0.00185363,0.065796,-0.079102,0.00232422,2.258301,-3.0517580000000004,-0.084533665,6.347657,-2.502443,0.30578616,4.028321,-3.295898,0.032653805,riding
,0.041259,-0.022827,0.001494755,0.212158,-0.137695,0.007456665,0.137817,-0.113891,-0.00066161,3.295899,-3.112793,0.0518799099999999,3.479004,-4.211425,-0.145263725,6.8359380000000005,-8.056642,-0.1342773649999999,0.040039,-0.0303959999999999,0.001829215,0.073486,-0.05896,0.000419335,0.065796,-0.105713,-0.004910905,3.173829,-3.0517580000000004,0.0302124149999999,6.347657,-7.263184,-0.128784195,4.028321,-3.295898,0.15075687,riding
,0.041259,-0.024903,0.0001733299999999,0.212158,-0.137695,-0.00115052,0.137817,-0.113891,0.0035064899999999,3.295899,-3.112793,0.0201416149999999,3.479004,-4.211425,0.11688235,6.8359380000000005,-8.056642,-0.0775146699999999,0.040039,-0.0303959999999999,-0.0003747149999999,0.073486,-0.05896,0.002817995,0.066284,-0.105713,0.00073975,3.173829,-3.0517580000000004,0.05279544,6.347657,-7.263184,-0.0668334849999999,4.028321,-3.295898,-0.1110839849999999,riding
,0.041259,-0.0399169999999999,-0.00108153,0.212158,-0.2065429999999999,-0.00599791,0.137817,-0.113891,0.0002838149999999,3.295899,-3.112793,0.03997804,3.479004,-4.211425,-0.0204467999999999,6.8359380000000005,-8.056642,-0.071105955,0.040039,-0.0335700000000001,-0.001169435,0.073486,-0.05896,0.000560305,0.090942,-0.105713,0.002762435,3.173829,-3.0517580000000004,0.036010755,6.347657,-7.263184,-0.0570678899999999,4.028321,-3.295898,0.0259399149999999,riding
,0.041259,-0.0399169999999999,0.00114807,0.212158,-0.2065429999999999,0.00853882,0.123413,-0.216675,-0.01000916,3.295899,-2.868653,0.0164795049999999,5.737306,-5.92041,0.1678467299999999,4.882814000000001,-8.056642,-0.12817383,0.040039,-0.0335700000000001,0.0026165749999999,0.062745,-0.123902,-0.00737302,0.090942,-0.105713,-0.0055926549999999,3.173829,-2.624512,0.0650024499999999,4.516602000000001,-7.263184,-0.1211547449999999,5.615235,-5.676270000000001,-0.1586913699999999,riding
,0.022583,-0.0399169999999999,-0.000814835,0.127685,-0.2065429999999999,-0.00467833,0.17041,-0.216675,0.004050925,3.1738280000000003,-3.54004,-0.072326675,5.737306,-5.92041,-0.010986335,4.882814000000001,-5.249023,0.18432619,0.025147,-0.0335700000000001,-0.00101258,0.093994,-0.123902,0.00108764,0.090942,-0.064087,0.0021954649999999,2.868653,-3.295899,-0.0878906449999999,4.516602000000001,-4.638673,0.17242435,5.615235,-5.676270000000001,-0.0057983349999999,riding
,0.022583,-0.0399169999999999,-1.2829999999999232e-05,0.127685,-0.2065429999999999,0.002813745,0.17041,-0.216675,-0.007102045,3.1738280000000003,-3.54004,-0.0082397399999999,6.591799,-5.92041,-0.1583862849999999,4.882814000000001,-5.249023,0.0912476149999999,0.025147,-0.0335700000000001,0.00140437,0.093994,-0.123902,-0.005435195,0.090942,-0.064087,-0.00324709,3.234865,-3.295899,-0.057678235,4.516602000000001,-4.638673,0.08178713,5.615235,-6.164553,0.15808107,riding
,0.022583,-0.026245,0.00185545,0.101807,-0.137207,0.010692115,0.17041,-0.216675,-0.0004388549999999,3.1738280000000003,-3.54004,-0.015258795,6.591799,-5.92041,-0.0506591649999999,4.516603,-3.601076,-0.07781985,0.0236819999999999,-0.0284419999999999,0.00254455,0.093994,-0.123902,-0.0001171849999999,0.070801,-0.046875,-0.0066998,3.234865,-3.295899,-0.0149536149999999,3.78418,-3.54004,-0.08880615,5.615235,-6.164553,0.04516604,riding
,0.022583,-0.026245,-0.000252075,0.101807,-0.137207,-0.00259766,0.17041,-0.110596,0.00958679,3.1738280000000003,-3.54004,-0.0076293999999999,6.591799,-3.78418,-0.0198365,4.516603,-3.66211,-0.120239295,0.017944,-0.0284419999999999,-0.0012292399999999,0.093994,-0.0635989999999999,0.00725281,0.070801,-0.042115,0.0017572149999999,3.234865,-3.295899,0.0085449199999999,3.78418,-3.54004,-0.120239275,3.906251,-6.164553,0.0143432099999999,riding
,0.017456,-0.020996,-0.000540745,0.0841059999999999,-0.1013179999999999,-0.001921385,0.144287,-0.110596,-0.0035492049999999,2.929689,-3.356934,-0.0454711949999999,6.591799,-3.41797,0.2249146249999999,3.173829,-3.66211,0.1525878749999999,0.017944,-0.019287,-0.0001458799999999,0.075318,-0.0635989999999999,-0.0022662149999999,0.053711,-0.042115,0.0009728899999999,3.234865,-3.17383,-0.009765625,2.746583,-3.54004,0.1559448299999999,3.295898,-6.164553,-0.2087402649999999,riding
,0.017456,-0.015869,0.000867315,0.0838619999999999,-0.0761719999999999,0.0037817149999999,0.15332,-0.174926,0.00215821,2.868653,-2.563476,0.015869145,2.868653,-5.798341,-0.0881957749999999,3.173829,-3.66211,-0.07720953,0.015747,-0.018311,0.0008087299999999,0.075928,-0.08313,0.000565815,0.0443109999999999,-0.043213,-0.002155735,3.479005,-2.563477,0.0177001899999999,2.746583,-3.54004,-0.075988775,5.615236,-2.868652,0.088195805,riding
,0.015869,-0.015869,-0.000893545,0.080078,-0.0761719999999999,-0.0049120949999999,0.15332,-0.174926,3.296500000000081e-05,2.868653,-3.479004,0.000915515,3.845216,-5.798341,0.1187133899999999,3.234864,-3.66211,0.0338744949999999,0.0147709999999999,-0.018311,-0.0009008949999999,0.075928,-0.08313,-0.001222515,0.0443109999999999,-0.043213,0.0025506449999999,3.479005,-3.78418,0.01983644,2.746583,-3.4179690000000003,0.04150391,5.615236,-3.66211,-0.105590825,riding
,0.015869,-0.015869,-0.0002014149999999,0.080078,-0.0761719999999999,0.0007043549999999,0.15332,-0.174926,-0.00774171,2.868653,-3.479004,0.031738275,3.845216,-5.798341,-0.0415038749999999,3.234864,-2.990723,0.0680542049999999,0.0147709999999999,-0.013672,0.0008092999999999,0.075928,-0.08313,-0.00624147,0.0367429999999999,-0.043213,-0.0013360599999999,3.479005,-3.78418,0.0216674749999999,2.746583,-2.502441,0.070190405,5.615236,-3.66211,0.0433349949999999,riding
,0.015869,-0.019287,0.000502915,0.080078,-0.0997309999999999,0.003347765,0.15332,-0.174926,-0.00411499,2.868653,-3.479004,0.063781745,3.845216,-5.798341,-0.0051880299999999,3.234864,-2.990723,-0.213928235,0.0147709999999999,-0.014283,0.0011407449999999,0.075928,-0.08313,-0.00331667,0.0378419999999999,-0.043213,-0.00262086,3.479005,-3.78418,0.07537842,2.441406,-2.502441,-0.2139282399999999,5.615236,-3.66211,0.004882865,riding
,0.019776,-0.019287,0.0002478049999999,0.112671,-0.0997309999999999,0.00272339,0.109741,-0.133911,-0.0070141499999999,2.868652,-3.479004,-0.0857544049999999,3.845216,-2.9296870000000004,0.19073484,3.234864,-2.990724,0.19378668,0.0201419999999999,-0.018066,0.0010186699999999,0.052246,-0.062378,-0.00498719,0.041748,-0.0495609999999999,-0.001697395,2.563476,-3.78418,-0.07446288,2.685548,-2.563477,0.19165039,2.868653,-3.66211,-0.211486835,riding
,0.019776,-0.019287,0.0005792199999999,0.112671,-0.0997309999999999,0.0031365999999999,0.109741,-0.113769,-0.0033618199999999,2.868652,-2.563476,-0.0527954,2.563477,-3.66211,-0.15106204,2.746583,-3.845215000000001,0.0579834549999999,0.0201419999999999,-0.018066,0.0010534949999999,0.052246,-0.0549319999999999,-0.0030706899999999,0.041748,-0.0495609999999999,-0.00219849,2.563476,-2.746582,-0.08636476,2.685548,-3.41797,0.050353995,3.723146,-2.380371,0.13336183,riding
,0.019776,-0.0197749999999999,0.0004650999999999,0.112671,-0.109741,0.0016064349999999,0.109741,-0.113769,-0.0001989599999999,3.173829,-2.807618,0.03387451,2.563477,-3.66211,-0.096435545,2.746583,-4.333496,-0.2124022799999999,0.0201419999999999,-0.0246589999999999,0.0006244049999999,0.052246,-0.053833,-0.0006720149999999,0.0601809999999999,-0.0499259999999999,-0.0012915,3.112793,-2.502442,0.0408935449999999,2.685548,-4.150392,-0.233459445,3.723146,-2.380371,0.10772707,riding
,0.0209959999999999,-0.0230719999999999,-0.000679325,0.119141,-0.127319,-0.003880615,0.082885,-0.091308,0.00204162,3.356935,-2.929688,0.0869751,2.2583010000000003,-3.66211,-0.198974585,3.967285,-4.760743,-0.089111335,0.0225839999999999,-0.0330809999999999,-0.0010497949999999,0.0471189999999999,-0.050415,0.00151977,0.082031,-0.053955,0.00246338,3.41797,-2.685546,0.0521850549999999,3.601074,-4.150392,-0.0717163299999999,3.723146,-2.258302,0.201721165,riding
,0.0209959999999999,-0.0230719999999999,-0.00113037,0.119141,-0.127319,-0.0067138449999999,0.082885,-0.132691,0.005640215,3.356935,-2.929688,0.038146985,2.13623,-3.66211,0.0247192499999999,3.967285,-4.760743,-0.14709475,0.0225839999999999,-0.0330809999999999,-0.0020898399999999,0.0471189999999999,-0.063477,0.003886705,0.082031,-0.053955,0.004677725,3.41797,-2.685546,0.074157705,3.601074,-4.150392,-0.151367195,3.723146,-2.136231,-0.0079345849999999,riding
,0.0209959999999999,-0.0230719999999999,-0.0010204949999999,0.119141,-0.127319,-0.004605705,0.073609,-0.132691,-0.000375975,3.356935,-2.929688,0.0442504849999999,2.13623,-1.647949,0.0109863649999999,3.967285,-4.760743,-0.0143432949999999,0.0225839999999999,-0.0330809999999999,-0.0015020849999999,0.0350339999999999,-0.063477,-2.5024999999999907e-05,0.082031,-0.053955,0.00405455,3.41797,-2.685546,0.0469970649999999,3.601074,-4.150392,-0.01342775,1.831055,-2.136231,-0.0067138849999999,riding
,0.026245,-0.0240479999999999,-0.0014856149999999,0.1196279999999999,-0.136231,-0.00920286,0.0839839999999999,-0.132691,0.005490115,3.356935,-2.929688,-0.01464842,2.13623,-3.540039,-0.11291506,4.638673,-5.615235,0.0582885549999999,0.0225839999999999,-0.0330809999999999,-0.0029754699999999,0.057495,-0.063477,0.00453492,0.082031,-0.053955,0.007279035,3.41797,-2.746582,-0.0582885549999999,4.272462,-5.065918,0.0845336899999999,3.234863,-2.136231,0.09918213,riding
,0.026245,-0.0240479999999999,0.0002246,0.1196279999999999,-0.136231,-0.00036927,0.0839839999999999,-0.132691,0.00321226,2.197265,-2.685546,-0.1019287199999999,2.2583010000000003,-3.540039,0.003356935,4.638673,-5.615235,0.0982666299999999,0.0176999999999999,-0.03003,-0.000844115,0.057495,-0.063477,0.003363635,0.072265,-0.0491939999999999,0.0021661299999999,2.258301,-2.746582,-0.103759765,4.272462,-5.065918,0.0820923149999999,3.234863,-2.258301,-0.0122070099999999,riding
,0.026245,-0.0240479999999999,0.000194095,0.1196279999999999,-0.136231,-0.0010571299999999,0.0839839999999999,-0.05603,0.003834855,2.197265,-2.563476,0.043029755,2.2583010000000003,-3.540039,-0.03570556,4.638673,-5.615235,-0.0756835699999999,0.0176999999999999,-0.03003,-0.0007171499999999,0.057495,-0.0369869999999999,0.004060075,0.072265,-0.0491939999999999,0.001546635,2.258301,-2.746582,0.028381355,4.272462,-5.065918,-0.06744384,3.234863,-2.258301,0.0369263,riding
,0.026245,-0.0240479999999999,-3.785000000000039e-05,0.1196279999999999,-0.136231,-0.001911635,0.0839839999999999,-0.05603,0.00351867,1.953125,-2.563476,-0.0057983449999999,2.2583010000000003,-3.540039,0.072326635,4.638673,-5.615235,0.0079346049999999,0.0176999999999999,-0.03003,-0.000963755,0.057495,-0.0369869999999999,0.00358276,0.072265,-0.0491939999999999,0.0021057199999999,2.258301,-2.746582,0.013732905,4.272462,-5.065918,0.011901865,3.234863,-2.258301,-0.0683593549999999,riding
,0.018067,-0.0145259999999999,0.0005987749999999,0.1036369999999999,-0.074951,0.0042578,0.052368,-0.05603,-0.00045471,1.77002,-2.2583010000000003,-0.0140381,2.2583010000000003,-1.586915,0.191650395,3.845216,-3.234864,0.319213865,0.021973,-0.0146479999999999,0.001004635,0.033203,-0.0369869999999999,-8.787499999999976e-05,0.036987,-0.0578619999999999,-0.003050545,1.89209,-2.258301,-0.0112915,3.41797,-2.868654,0.32257081,1.403809,-2.258301,-0.181274475,riding
,0.0195309999999999,-0.0228269999999999,0.0004754599999999,0.106201,-0.117554,0.00293092,0.0543219999999999,-0.057129,-0.001411715,1.5869140000000002,-2.380372,-0.0012207049999999,1.2817379999999998,-1.525878,0.041198705,3.601074000000001,-4.211426,0.0500488699999999,0.0231929999999999,-0.020996,0.0011871349999999,0.0301519999999999,-0.027588,-0.00114011,0.0549319999999999,-0.0600589999999999,-0.0033117599999999,1.708985,-2.563477,0.002746575,3.112794,-3.967285,0.04577642,1.281739,-1.281738,-0.0408935599999999,riding
,0.0195309999999999,-0.0228269999999999,0.0006787149999999,0.106201,-0.117554,0.00412108,0.0682369999999999,-0.057129,-0.0001391499999999,1.5869140000000002,-2.380372,-0.029602025,1.1596669999999998,-1.7700199999999997,-0.097351095,3.601074000000001,-4.211426,0.0143432349999999,0.0231929999999999,-0.020996,0.0011889399999999,0.0401619999999999,-0.027588,-0.000165425,0.0549319999999999,-0.0600589999999999,-0.003197015,1.708985,-2.563477,-0.0442504799999999,3.112794,-3.967285,0.000305205,1.586914,-1.281738,0.09094236,riding
,0.0195309999999999,-0.0228269999999999,0.000179445,0.106201,-0.117554,0.00024596,0.0682369999999999,-0.057129,0.00280395,1.5869140000000002,-2.380372,-0.010070795,1.220703,-1.7700199999999997,-0.077514645,3.601074000000001,-4.211426,-0.1263427849999999,0.0231929999999999,-0.020996,-0.000106195,0.0401619999999999,-0.027588,0.002309575,0.0549319999999999,-0.0600589999999999,1.3425000000000796e-05,1.708985,-2.563477,-0.011291505,3.112794,-3.967285,-0.1397705249999999,1.586914,-1.098634,0.067749025,riding
,0.026612,-0.0294189999999999,-4.517999999999967e-05,0.136475,-0.174194,-0.0017688,0.068603,-0.063965,0.00254151,2.563478,-2.380372,-0.0057983399999999,1.220703,-1.7700199999999997,-0.132141095,4.455566,-6.835937,-0.4483033,0.026978,-0.035401,-0.001162695,0.040893,-0.028321,0.00291137,0.0875239999999999,-0.0684819999999999,0.00338014,2.563476,-2.563477,0.0155639499999999,3.845216,-5.676271,-0.45166024,1.586914,-1.098634,0.115356495,riding
,0.026612,-0.045044,-0.001537455,0.1403809999999999,-0.2386469999999999,-0.00948244,0.068603,-0.110718,0.0025433199999999,3.4179690000000003,-3.112793,0.117797855,2.868653,-1.7700199999999997,0.269470245,5.5542,-6.835937,-0.0357056099999999,0.026978,-0.040527,-0.0029656999999999,0.047242,-0.046631,0.002073355,0.1134029999999999,-0.069946,0.00817321,3.479005,-2.624513,0.1657104999999999,4.943849,-5.676271,-0.0115967249999999,1.586914,-2.685547,-0.24230961,riding
,0.026612,-0.045044,-0.0018774449999999,0.1403809999999999,-0.2386469999999999,-0.01054078,0.068603,-0.110718,-0.0010083,3.4179690000000003,-3.1738280000000003,0.013122545,2.868653,-1.831055,0.113830595,5.5542,-6.835937,0.074768085,0.026978,-0.040527,-0.0030908049999999,0.047242,-0.055054,-0.001591165,0.1134029999999999,-0.069946,0.0090221999999999,3.479005,-3.845216,0.022582995,4.943849,-5.676271,0.089721625,1.77002,-2.685547,-0.1080322249999999,riding
,0.026612,-0.045044,0.0003405849999999,0.1403809999999999,-0.2386469999999999,0.00217345,0.068603,-0.110718,-0.00424071,3.4179690000000003,-3.1738280000000003,0.004272465,2.868653,-2.3193360000000003,-0.055847155,5.5542,-6.835937,0.113830605,0.026978,-0.040527,0.0006884999999999,0.047242,-0.055054,-0.0031189049999999,0.1134029999999999,-0.069946,-0.00110963,3.479005,-3.845216,-0.019226055,4.943849,-5.676271,0.117187565,2.258301,-2.685547,0.0585937549999999,riding
,0.026612,-0.045044,-0.0013879349999999,0.1403809999999999,-0.2386469999999999,-0.0074475099999999,0.077026,-0.110718,-0.003167145,3.601075,-3.1738280000000003,0.1168823499999999,2.868653,-2.441406,0.136413575,5.5542,-6.164553000000001,0.18249518,0.026733,-0.040527,-0.0012512399999999,0.047242,-0.055054,-0.003632825,0.1134029999999999,-0.069946,0.0037005799999999,3.479005,-3.845216,0.11932375,4.943849,-5.249023,0.198974605,2.319336,-2.685547,-0.10864259,riding
,0.0278319999999999,-0.0220939999999999,0.00082886,0.154907,-0.107788,0.00541444,0.101685,-0.162598,-0.002777085,7.202151,-15.075684,-0.184020995,5.249024,-2.441406,-0.08666996,5.554199,-5.737304999999999,0.3244019099999999,0.027588,-0.0223389999999999,0.001611325,0.045044,-0.055054,-0.00303833,0.063965,-0.0688469999999999,-0.00422849,5.187989,-13.732913,-0.227356005,4.943849,-5.187989,0.2963257350000001,2.319336,-7.202148000000001,0.057983395,riding
,0.035156,-0.0408929999999999,0.001618645,0.1832269999999999,-0.219361,0.009570305,0.116089,-0.162598,-0.00425539,19.836427,-15.075684,-0.0357055649999999,5.249024,-5.798341,0.0021362399999999,5.798341000000001,-7.568359,0.2008056849999999,0.0357669999999999,-0.028808,0.00326048,0.045044,-0.066528,-0.0034204049999999,0.0783689999999999,-0.09314,-0.0085265899999999,18.493657,-13.732913,-0.048522925,4.943849,-5.187989,0.180664085,8.300781,-7.202148000000001,0.00030516,riding
,0.035156,-0.0408929999999999,-0.00043458,0.1832269999999999,-0.219361,-0.0019219749999999,0.116089,-0.162598,-0.0004779,19.836427,-15.075684,0.1159668249999999,5.249024,-5.798341,-0.076904335,5.798341000000001,-7.568359,-0.1882935549999999,0.0357669999999999,-0.028808,-0.0002252549999999,0.045044,-0.066528,-0.00170899,0.0783689999999999,-0.09314,0.000422385,18.493657,-13.732913,0.110473625,4.943849,-4.699708,-0.1672363899999999,8.300781,-7.202148000000001,0.09094241,riding
,0.035156,-0.0408929999999999,0.0011218249999999,0.1832269999999999,-0.219361,0.0060003499999999,0.116089,-0.162598,-0.0005517149999999,19.836427,-15.075684,-0.1052856799999999,5.249024,-5.798341,-0.113220215,5.798341000000001,-7.568359,-0.03906255,0.0357669999999999,-0.028808,0.00132446,0.038086,-0.066528,-0.0006823499999999,0.0783689999999999,-0.09314,-0.003253795,18.493657,-13.732913,-0.111999535,4.516602000000001,-4.699708,-0.0607299049999999,8.300781,-7.202148000000001,0.0915527599999999,riding
,0.035156,-0.0408929999999999,0.0001947,0.1832269999999999,-0.219361,0.0014526349999999,0.116089,-0.144531,1.4039999999999886e-05,19.836427,-7.751466000000001,0.1367187849999999,1.831056,-5.798341,-0.0732421899999999,5.798341000000001,-7.568359,-0.31433113,0.0357669999999999,-0.028808,8.299500000000015e-05,0.031128,-0.066528,0.00041197,0.0783689999999999,-0.09314,-0.0001861849999999,18.493657,-8.178711999999999,0.13458253,4.02832,-4.699708,-0.2789307099999999,8.300781,-2.136231,0.0875854499999999,riding
,0.0286859999999999,-0.020874,-0.001468495,0.144165,-0.109131,-0.0073614299999999,0.072876,-0.077027,0.0007507399999999,5.371095,-3.540039,0.05065919,2.01416,-2.075195,0.0976562499999999,3.845217,-5.859375,-0.136108445,0.0249019999999999,-0.0176999999999999,-0.0020550449999999,0.0405269999999999,-0.047729,0.0008605949999999,0.0440679999999999,-0.065918,0.00520324,5.432129,-3.90625,0.093383765,3.2958989999999995,-4.699708,-0.1263427549999999,2.319336,-1.89209,-0.091857905,riding
,0.0286859999999999,-0.020874,0.000375965,0.144165,-0.109131,0.002601305,0.075318,-0.077027,0.0004363899999999,3.2348630000000003,-3.540039,-0.095825235,2.01416,-1.708985,0.1632691,3.845217,-4.394532,0.0338745149999999,0.0249019999999999,-0.016846,0.0004327499999999,0.041259,-0.047729,0.0001288,0.044433,-0.065918,-0.001024795,3.3569340000000003,-3.2959,-0.072021495,3.4179690000000003,-3.601074,0.032043465,2.075195,-1.89209,-0.17608645,riding
,0.0286859999999999,-0.020874,-0.0001532049999999,0.144165,-0.1132809999999999,0.0002942099999999,0.0772709999999999,-0.077027,-0.0020275949999999,3.2348630000000003,-2.929688,-0.01922604,2.01416,-1.953126,-0.00579837,3.845217,-4.394532,-0.1141357349999999,0.0249019999999999,-0.018921,6.835999999999953e-05,0.041259,-0.047729,-0.00195069,0.056275,-0.065918,0.000286855,3.3569340000000003,-3.2959,-0.014343255,3.4179690000000003,-3.784181,-0.102844305,2.075195,-14.648441,-0.0750732549999999,riding
,0.0286859999999999,-0.0268549999999999,-0.0007464699999999,0.144165,-0.142822,-0.0054418799999999,0.150024,-0.077027,-0.00034547,3.2348630000000003,-3.051759,-0.075073305,2.01416,-2.441407,-0.1513672,6.164551,-4.394532,-0.0234984999999999,0.0249019999999999,-0.025757,-0.001127895,0.079589,-0.047729,-0.00020141,0.0722649999999999,-0.065918,0.0035431,3.3569340000000003,-4.028321,-0.08911132,5.126954,-3.784181,-0.05645754,14.099125,-14.648441,0.132141155,riding
,0.025146,-0.0268549999999999,-0.0002062999999999,0.1135249999999999,-0.142822,-0.002949235,0.150024,-0.070191,0.0055865449999999,3.2348630000000003,-3.051759,-0.036010735,2.13623,-2.441407,-0.105895995,6.164551,-4.394532,0.12573248,0.0194089999999999,-0.025757,-0.00132445,0.079589,-0.0345459999999999,0.00382873,0.0722649999999999,-0.0589599999999999,0.00326049,3.479004,-4.028321,-0.07934573,5.126954,-3.784181,0.115051245,14.099125,-14.648441,0.111694345,riding
,0.025146,-0.0268549999999999,-0.000742775,0.1135249999999999,-0.142822,-0.0050005899999999,0.150024,-0.087403,0.00198669,3.112794,-3.051759,-0.0418090749999999,3.112793,-3.173828,0.0320434199999999,6.164551,-4.15039,0.14068612,0.0213619999999999,-0.025757,-0.0013977,0.079589,-0.045532,0.0017815949999999,0.0722649999999999,-0.0589599999999999,0.0036206099999999,3.479004,-4.028321,-0.03906249,5.126954,-3.784181,0.12695313,14.099125,-14.648441,-0.02655031,riding
,0.025146,-0.0268549999999999,-0.0001782199999999,0.1135249999999999,-0.142822,-0.00111939,0.150024,-0.087403,-0.0001123199999999,3.112794,-3.051759,0.00061033,3.112793,-3.173828,0.14068604,6.164551,-4.15039,0.204772995,0.0213619999999999,-0.025757,-0.000108655,0.079589,-0.045532,0.00028442,0.0722649999999999,-0.0589599999999999,0.00013796,3.479004,-4.028321,0.0061035199999999,5.126954,-3.601074,0.195312555,14.099125,-2.990724,-0.05767824,riding
,0.0208739999999999,-0.0167229999999999,0.0003314349999999,0.107666,-0.0870359999999999,0.004078975,0.085083,-0.087403,-0.0047937,3.112794,-2.502442,0.0091552999999999,3.112793,-3.173828,0.14099126,3.967286,-3.356934,0.0894164949999999,0.0213619999999999,-0.0141599999999999,0.001102865,0.044922,-0.045532,-0.0037475449999999,0.040406,-0.0572509999999999,-0.002594595,3.479004,-2.563477,0.0283813349999999,3.906251,-3.051758,0.10101321,3.112794,-2.990724,-0.13977054,riding
,0.0183099999999999,-0.013062,0.0003759749999999,0.101806,-0.0687249999999999,0.0039727849999999,0.085083,-0.087403,-0.00566223,2.2583,-1.831054,0.0180053599999999,3.112793,-3.173828,-0.0204467599999999,2.929688,-3.356934,-0.14343263,0.0213619999999999,-0.0122069999999999,0.0014428499999999,0.0434569999999999,-0.045532,-0.00442689,0.036621,-0.0572509999999999,-0.00327147,2.319336,-2.075196,0.0170898549999999,3.051759,-3.051758,-0.127258315,3.112794,-2.990724,0.0057983299999999,riding
,0.012695,-0.013062,-0.000313135,0.078492,-0.0687249999999999,-0.00062135,0.071655,-0.072754,-0.0033306649999999,2.2583,-1.831054,0.0115966849999999,2.868653,-2.563478,-0.10223393,2.502441,-2.136231,0.0274657949999999,0.016845,-0.0122069999999999,0.000239255,0.036743,-0.043579,-0.002655005,0.036621,-0.036866,-0.0003619349999999,2.319336,-2.075196,-0.006713875,2.258301,-1.892091,0.019226075,2.5024420000000003,-2.746582,0.0952148649999999,riding
,0.023926,-0.0191650000000001,0.0009991449999999,0.130493,-0.0994869999999999,0.00592103,0.071655,-0.072754,0.003070675,1.770021,-2.807618,-0.09399416,2.868653,-2.563478,-0.31494139,4.2114270000000005,-2.136231,0.4534912849999999,0.02295,-0.012695,0.0017407449999999,0.043335,-0.043579,0.00318605,0.032714,-0.0657959999999999,-0.005729395,1.831055,-3.112793,-0.189209025,2.929688,-1.892091,0.4446411800000001,2.5024420000000003,-2.746582,0.3146362849999999,riding
,0.034302,-0.0191650000000001,0.002949195,0.177002,-0.0994869999999999,0.01416016,0.0838619999999999,-0.043945,0.010656145,1.77002,-4.211426,-0.14495851,1.464844,-2.319337,-0.1574707199999999,4.2114270000000005,-3.845215,0.0726318599999999,0.0316159999999999,-0.012695,0.00392518,0.057373,-0.016113,0.010063465,0.032714,-0.097412,-0.012550675,1.586914,-3.723145,-0.1654052849999999,2.929688,-3.173829,0.058288585,2.319337,-1.708985,0.152587925,riding
,0.034302,-0.0191650000000001,0.00259399,0.177002,-0.0994869999999999,0.012662955,0.0838619999999999,-0.043945,0.00883302,2.990723,-4.211426,0.031127915,1.464844,-2.197267,0.0729369749999999,4.2114270000000005,-3.845215,-0.2532959699999999,0.0316159999999999,-0.0169669999999999,0.003345355,0.057373,-0.0271,0.009408565,0.0446779999999999,-0.097412,-0.01104738,2.685546,-3.723145,0.06225588,2.929688,-3.173829,-0.2548217599999999,2.319337,-1.708985,-0.082397475,riding
,0.034302,-0.0191650000000001,0.00159546,0.177002,-0.0994869999999999,0.007908945,0.0838619999999999,-0.043945,0.007246695,2.990723,-4.211426,-0.0207519499999999,1.464844,-2.197267,0.07110601,4.2114270000000005,-3.845215,-0.1550293249999999,0.0316159999999999,-0.0169669999999999,0.0019531399999999,0.057373,-0.0271,0.0074938949999999,0.0446779999999999,-0.097412,-0.00686952,2.685546,-3.723145,0.0115966749999999,2.929688,-3.173829,-0.152587905,2.319337,-1.708985,-0.07507326,riding
,0.034302,-0.0175779999999999,-0.0002533099999999,0.177002,-0.086914,-0.0024804799999999,0.0838619999999999,-0.035889,0.0052575849999999,2.990723,-4.211426,0.052490265,2.014161,-1.098633,0.30120849,3.78418,-3.845215,-0.3149414649999999,0.0316159999999999,-0.0169669999999999,-0.0008068849999999,0.057373,-0.0271,0.00418944,0.0446779999999999,-0.097412,0.001279305,2.685546,-3.723145,0.142211935,3.66211,-3.173829,-0.330200285,0.915528,-1.831055,-0.2944947,riding
,0.04834,-0.0175779999999999,0.00080689,0.241821,-0.086914,0.0045428249999999,0.06372,-0.088745,-0.00619935,7.934573,-3.2958990000000004,0.276184115,2.014161,-1.89209,0.24566651,6.530762,-4.577638,0.3762817900000001,0.047729,-0.0169669999999999,0.0019500749999999,0.0292969999999999,-0.065186,-0.00463318,0.0446779999999999,-0.1257329999999999,-0.00425475,5.310059,-3.540039,0.23162844,6.408691999999999,-4.150391,0.4202270849999999,1.7089839999999998,-2.01416,-0.21362308,riding
,0.04834,-0.039307,-6.652999999999854e-05,0.241821,-0.201293,-6.590499999999943e-05,0.081299,-0.088745,-0.0032244849999999,7.934573,-6.652834,0.0097656349999999,2.014161,-3.4179690000000003,-0.139160145,6.530762,-8.972168,-0.2291870299999999,0.047729,-0.036254,0.000629905,0.0389409999999999,-0.065186,-0.00337158,0.093262,-0.1257329999999999,-0.0012219049999999,5.310059,-4.821778,3.552713678800501e-17,6.408691999999999,-8.789064,-0.2227784349999999,3.173829,-2.01416,0.1376343,riding
,0.04834,-0.039307,0.0006958,0.241821,-0.201293,0.00449891,0.081299,-0.088745,-0.0028387649999999,7.934573,-6.652834,0.0424194249999999,2.075196,-3.4179690000000003,0.0427246199999999,6.530762,-8.972168,0.1473999300000001,0.047729,-0.036254,0.001530735,0.0389409999999999,-0.065186,-0.00269838,0.093262,-0.1257329999999999,-0.0038391,5.310059,-4.821778,0.02593994,6.408691999999999,-8.789064,0.1559448249999999,3.173829,-2.01416,-0.0317382999999999,riding
,0.04834,-0.039307,0.00114198,0.241821,-0.201293,0.007865,0.081299,-0.088745,-0.00599674,7.934573,-6.652834,0.0613403099999999,2.075196,-3.4179690000000003,-0.0701904499999999,6.530762,-8.972168,-0.1425171199999999,0.047729,-0.036254,0.0025421149999999,0.0389409999999999,-0.065186,-0.004593515,0.093262,-0.1257329999999999,-0.00613648,5.310059,-4.821778,0.056457545,6.408691999999999,-8.789064,-0.12115476,3.173829,-2.01416,0.0515747049999999,riding
,0.0252689999999999,-0.039307,-0.001918315,0.136475,-0.201293,-0.008546145,0.081299,-0.057373,-4.394999999999982e-05,3.2958990000000004,-6.652834,-0.08056643,2.075196,-3.4179690000000003,-0.13946533,3.78418,-8.972168,-0.5657959850000001,0.0291749999999999,-0.036254,-0.002519515,0.0389409999999999,-0.030396,-0.00080017,0.093262,-0.069214,0.00631958,4.089355,-4.821778,-0.0296020549999999,3.601075,-8.789064,-0.58013923,3.173829,-2.01416,0.1126098649999999,riding
,0.0268549999999999,-0.022827,-0.00123839,0.1252439999999999,-0.1235349999999999,-0.00646668,0.063965,-0.048462,-7.339999999999014e-06,2.319337,-2.685548,-0.11047363,2.075196,-1.5258789999999998,-0.03631591,6.225587,-4.333495999999999,0.5618287300000001,0.0134280000000001,-0.0258789999999999,-0.0023333949999999,0.036377,-0.031494,-0.0010796799999999,0.067993,-0.0345449999999999,0.0063384949999999,1.953125,-2.441407,-0.133361845,5.493165,-3.4790050000000003,0.485534765,1.403809,-2.01416,0.0473022599999999,riding
,0.0268549999999999,-0.022827,0.0002008099999999,0.1252439999999999,-0.1235349999999999,0.00041076,0.0603029999999999,-0.048462,0.001759035,2.319337,-2.441407,0.00396729,1.4648439999999998,-1.5258789999999998,-0.0173950399999999,6.225587,-4.333495999999999,-0.0732422399999999,0.0222169999999999,-0.0258789999999999,4.517499999999786e-05,0.0450439999999999,-0.031494,0.00146667,0.067993,-0.060547,-0.000139775,1.953125,-2.380371,-0.003051745,5.493165,-3.4790050000000003,-0.031738235,1.403809,-1.464844,0.0308227549999999,riding
,0.0268549999999999,-0.022827,-0.000233755,0.1252439999999999,-0.1235349999999999,-0.00245118,0.13623,-0.139648,0.0022131399999999,2.685547,-2.441407,0.100402865,3.845215000000001,-3.784179,0.1074219299999999,6.225587,-4.333495999999999,-0.0173949749999999,0.0222169999999999,-0.0258789999999999,-0.00070802,0.0708,-0.061035,0.003318495,0.067993,-0.060547,0.0013116449999999,2.807617,-2.746582,0.095520025,5.493165,-3.4790050000000003,-0.02532961,3.4179690000000003,-3.356933,-0.05859373,riding
,0.0268549999999999,-0.022827,0.00114806,0.1252439999999999,-0.1235349999999999,0.0046954399999999,0.13623,-0.141235,0.00228822,2.685547,-2.441407,-0.0164794749999999,3.90625,-3.784179,-0.051574725,6.225587,-5.249024,0.055236835,0.028687,-0.0258789999999999,0.001393425,0.0708,-0.071777,0.00084168,0.067993,-0.064331,-0.003562,2.807617,-2.746582,-0.01129151,5.493165,-5.004883,0.09765625,3.4790030000000005,-3.540039,0.04638672,riding
,0.0233149999999999,-0.015503,0.001140735,0.118408,-0.075683,0.0070043849999999,0.13623,-0.141235,-0.003786015,2.685547,-2.319336,0.09460449,3.90625,-3.784179,0.134277285,4.333496,-5.249024,-0.1257325,0.028687,-0.018677,0.0023547299999999,0.0708,-0.071777,-0.001507615,0.0448,-0.064331,-0.005919215,2.807617,-2.746582,0.14434818,4.089356,-5.004883,-0.04974362,3.4790030000000005,-3.540039,-0.166320795,riding
,0.021606,-0.015503,6.227499999999663e-05,0.118408,-0.075683,0.0004125999999999,0.13623,-0.141235,-0.00290771,3.479004,-2.319336,0.00976566,3.90625,-3.784179,0.1104736399999999,4.333496,-5.249024,-0.0329589449999999,0.028687,-0.018677,0.000355215,0.0708,-0.071777,-0.0019262399999999,0.0448,-0.064331,-0.0006475849999999,2.807617,-2.746582,0.0155639649999999,3.78418,-5.004883,-0.046081565,3.4790030000000005,-3.540039,-0.119018565,riding
,0.021606,-0.015503,-0.0001208549999999,0.118408,-0.069458,0.000236805,0.1066889999999999,-0.141235,-0.00371946,3.479004,-4.272461,-0.0781250149999999,3.90625,-3.784179,-0.19744875,4.333496,-5.249024,0.1089477399999999,0.028687,-0.018677,3.0450000000004083e-06,0.0556639999999999,-0.071777,-0.00458434,0.0448,-0.064331,0.00088198,3.234864,-2.380371,-0.04638672,3.78418,-5.004883,0.0741576999999999,3.4790030000000005,-3.540039,0.1449584949999999,riding
,0.0164799999999999,-0.0201409999999999,-0.001409915,0.07544,-0.091064,-0.00664488,0.106567,-0.094605,-0.00426393,3.479004,-4.821778,0.087585445,3.5400400000000003,-3.173829,0.0939941249999999,3.540039,-3.78418,-0.10314944,0.015259,-0.018677,-0.001796265,0.059204,-0.0610349999999999,-0.0035235699999999,0.0593259999999999,-0.0510249999999999,0.0053979549999999,3.78418,-5.065919,0.109863315,2.746582,-3.601074,-0.14312744,2.990723,-3.479005,-0.0906371749999999,riding
,0.0164799999999999,-0.0201409999999999,-0.0006701749999999,0.07544,-0.091064,-0.004024645,0.106567,-0.094605,-0.00034058,3.479004,-4.821778,-0.01037597,3.5400400000000003,-3.234864,-0.1718139749999999,3.540039,-3.78418,0.012512245,0.015259,-0.01831,-0.0010284149999999,0.059204,-0.0610349999999999,-0.002462125,0.0593259999999999,-0.0510249999999999,0.003409445,3.78418,-5.065919,-0.0415039149999999,2.746582,-2.929688,0.0064086749999999,3.234864,-3.479005,0.1876831349999999,riding
,0.0164799999999999,-0.0201409999999999,-0.0006982449999999,0.07544,-0.091064,-0.003536385,0.124389,-0.1163329999999999,-0.00187865,3.417969,-4.821778,-0.030212445,3.5400400000000003,-5.004884,-0.2981566849999999,3.540039,-3.78418,0.1303100599999999,0.015259,-0.01831,-0.0011462449999999,0.059814,-0.0610349999999999,-0.00062381,0.0593259999999999,-0.0510249999999999,0.0030712899999999,3.78418,-5.065919,-0.05889893,2.746582,-2.929688,0.07537841,4.211427,-3.479005,0.263061585,riding
,0.0164799999999999,-0.0201409999999999,0.0001697,0.07544,-0.091064,-0.0002893,0.160157,-0.1163329999999999,0.00586427,2.807618,-4.821778,-0.01464844,4.882812,-5.004884,0.0616454999999999,2.075195,-3.78418,-0.1229858649999999,0.015259,-0.01831,8.973499999999968e-05,0.075806,-0.06665,0.00341124,0.0593259999999999,-0.0510249999999999,-0.00085513,3.78418,-5.065919,0.016174285,2.136232,-2.929688,-0.133361795,4.760743,-5.1269540000000005,-0.14678958,riding
,0.012573,-0.009521,0.000224615,0.05603,-0.0396729999999999,0.0008013849999999,0.160157,-0.13208,0.004001475,1.708985,-2.685547,-0.0808715799999999,4.882812,-5.31006,0.01525884,1.7089839999999998,-1.220703,0.140075705,0.011352,-0.0130609999999999,-0.00056032,0.076172,-0.092285,0.0001574699999999,0.036499,-0.023316,0.0013049099999999,3.540039,-3.051758,-0.0753784399999999,1.464844,-1.159668,0.1791381799999999,5.249023,-5.1269540000000005,-0.01251227,riding
,0.012573,-0.009521,-0.0001721149999999,0.05603,-0.029418,0.0001544249999999,0.160157,-0.13208,-0.00234678,1.708985,-2.685547,-0.0125122299999999,5.249023,-5.31006,0.263977095,1.7089839999999998,-1.220703,0.05706787,0.011963,-0.009766,0.0001482849999999,0.084961,-0.092285,0.002443235,0.0286859999999999,-0.0308839999999999,-0.001026,3.540039,-3.356934,-0.032043485,1.464844,-1.159668,-0.0012207399999999,5.249023,-5.1269540000000005,-0.0347900949999999,riding
,0.012939,-0.010865,0.0003637399999999,0.05603,-0.0289299999999999,0.0022259449999999,0.169434,-0.151978,0.0016711399999999,1.708985,-2.380371,-0.07385255,5.249023,-5.31006,-0.032043495,1.708985,-1.220703,0.0030517549999999,0.011963,-0.009888,0.0004638799999999,0.084961,-0.092285,0.0003619599999999,0.0286859999999999,-0.0308839999999999,-0.00135375,3.540039,-3.356934,-0.0680542049999999,1.464844,-1.159668,0.020751985,5.249023,-5.1269540000000005,-0.0344849,riding
,0.0196529999999999,-0.010865,0.0007189699999999,0.073852,-0.0345459999999999,0.004605695,0.169434,-0.153076,-0.00210938,2.197267,-2.380371,-0.0115966749999999,5.554199,-5.31006,0.20050047,1.708985,-1.953125,0.0189208899999999,0.011963,-0.009888,0.0005865449999999,0.091552,-0.092285,-0.00050537,0.0286859999999999,-0.0308839999999999,-0.0014959499999999,2.929688,-3.356934,-0.0598144349999999,1.464844,-1.037598,0.115051285,5.249023,-4.943849,-0.0604247949999999,riding
,0.0196529999999999,-0.013672,-0.00031678,0.073852,-0.0512699999999999,-0.0003155499999999,0.169434,-0.153076,-0.0045416399999999,2.197267,-2.319336,-0.042419435,5.554199,-5.310059,0.0082397099999999,1.708985,-1.953125,-0.0909423799999999,0.0123289999999999,-0.009888,0.00123048,0.091552,-0.084107,0.000448005,0.0231929999999999,-0.0308839999999999,-0.003454595,2.929688,-3.356934,-0.015869125,1.098633,-1.2817390000000002,-0.134887675,4.943848,-4.943849,-0.0198363849999999,riding
0.0,3.1268320000000003,-1.895752,0.2508444383561643,3.585205,-1.88623,0.2898509383561644,1.186157,-1.072998,0.0442170342465753,163.08594100000002,-146.911621,-0.659263493150685,81.54296799999999,-80.62744099999999,1.3912674520547947,155.151363,-166.137695,-10.790682061643835,1.859864,-0.959839,0.2631100136986301,2.576538,-1.626221,0.223346904109589,1.190063,-1.720825,-0.1547692739726027,1242.6757819999998,-1229.6142579999998,4.635328205479453,249.267637,-252.13629,-8.680789952054795,495.483519,-497.802857,-9.80868576027397,falling
1.0,3.423706,-2.276977,0.1272691712328767,2.594971,-1.818238,0.2637596780821918,2.33728,-1.878173,0.1235752876712329,501.342903,-511.963013,2.501187657534247,135.43701199999998,-127.319336,4.3803182397260265,136.352532,-168.457031,-18.88244093835616,1.69934,-0.7016600000000001,0.1469208150684931,2.631958,-1.635498,0.2301894726027397,1.485962,-2.05835,-0.0993852945205479,792.785889,-814.7585449999999,13.217039342465757,329.834099,-357.97131399999995,-15.009215280821916,281.127923,-304.138184,-13.982905815068492,falling
2.0,2.795532,-2.049805,0.1987245821917808,3.341431,-4.025634999999999,-0.1345064383561643,2.8037110000000003,-3.561401,-0.209563,765.320068,-803.2229,-1.5505438356164432,159.545898,-149.047848,0.7403649383561631,223.388733,-264.709533,-2.277113349315068,2.767822,-1.678833,0.3217104931506849,4.477417,-4.927734,-0.1691083904109589,2.680664,-2.6081540000000003,0.0404805890410959,724.731689,-742.126709,-0.4761577534246461,413.269161,-425.842407,-2.4618910616438328,622.4975589999999,-643.3105469999999,-3.7912870547945214,falling
3.0,3.056641,-1.8219,0.2816028150684931,2.874634,-1.550293,0.285443904109589,1.834594,-1.809448,-0.0111769246575342,218.444883,-233.459548,0.8582548424657533,232.910217,-249.084537,-2.588978034246576,161.071775,-169.189453,-5.432129369863016,1.850708,-0.795532,0.2554906232876712,3.101684,-2.147339,0.2729567397260274,2.501221,-3.294311,-0.1530168356164383,514.343262,-512.939453,4.697199595890412,430.72522,-433.899048,-7.357663589041095,266.906738,-267.822266,-1.3122561164383564,falling
4.0,3.396485,-2.513062,0.2005548630136986,3.404663,-3.289795,-0.1426575547945205,2.7718510000000003,-3.760865,-0.254040897260274,711.6701660000001,-807.983643,-0.0146316164383584,344.726562,-329.406738,0.0685600068493168,218.750061,-244.140694,-0.06688795890411,3.526612,-2.359375,0.3368898424657534,3.644043,-4.187866,-0.2035689931506849,2.7773440000000003,-2.808716,0.0484259657534246,1626.4042969999998,-1630.554688,0.0117053013698638,547.0581060000001,-549.987793,-0.0259191506849319,336.364853,-383.361939,-0.0802654657534276,falling
5.0,2.681152,-1.467407,0.2958106575342465,3.197754,-2.726441,0.2533151575342465,1.449829,-1.890747,0.0016931232876712,1019.531495,-929.504631,1.0806569315068435,250.061096,-296.50885,-2.960623390410961,166.870117,-210.571304,-2.959787376712328,1.380738,-0.41565,0.2556403219178082,2.871582,-1.5372310000000002,0.2782057808219177,2.820557,-3.01416,-0.1289179589041096,1587.036621,-1600.830565,4.834737890410956,505.432129,-524.230957,-4.522454705479448,460.876587,-467.041137,1.9953485273972575,falling
6.0,2.028687,-1.331299,0.1794868767123288,2.243774,-3.382812,-0.3281425479452055,2.7093510000000003,-2.1850590000000003,0.142267102739726,688.476562,-756.3476559999999,2.329369369863012,242.431701,-211.608948,0.0204843630136989,153.01513699999998,-115.356476,2.4480955684931507,2.279663,-1.8573,0.1256780410958904,3.361084,-3.001953,0.0925602534246575,2.645508,-1.474732,0.3879010068493151,231.384334,-311.76767,0.282183075342465,255.249084,-225.891167,3.844797280821918,329.345704,-338.745118,2.002455143835617,falling
7.0,2.435181,-1.423706,0.2972177808219178,2.839599,-1.954712,0.2176379657534246,1.1153559999999998,-0.8956299999999999,0.0785513972602739,278.86962900000003,-258.056641,-1.744518773972603,198.181214,-188.90387,-0.1864499863013687,100.769035,-133.300781,-1.3912672808219182,1.639283,-0.839356,0.2441891369863013,2.815918,-1.943604,0.2965121438356164,2.3544920000000005,-2.6553950000000004,-0.1055707739726027,665.466324,-610.3515629999999,-1.6696879863013676,170.71533200000002,-191.406251,-2.6475049383561644,561.706543,-566.1621100000001,-1.3858327945205489,falling
8.0,1.798462,-1.102173,0.1931720890410959,2.256104,-2.251587,-0.1242358150684931,1.264526,-2.76355,-0.2585967328767124,1016.29663,-1017.273193,0.4928799589041067,294.677734,-317.93212900000003,0.4448041506849309,695.800788,-670.6542959999999,1.750789294520548,1.610229,-0.4444579999999999,0.2926117260273972,1.523071,-2.398559,-0.2183319520547945,3.174072,-2.782715,0.1141449863013698,647.8271490000001,-626.403809,0.4055078082191768,661.987305,-648.437496,2.2959256643835624,204.956116,-176.696831,0.6651159520547948,falling
9.0,1.848023,-1.210205,0.181648102739726,1.5087890000000002,-2.515991,-0.2712318972602739,1.608765,-1.587036,-0.0216390616438356,574.2797850000001,-617.309571,0.7119373698630145,272.09472700000003,-284.362797,-1.066025143835616,196.044983,-180.053772,1.0923623904109574,1.654908,-1.104492,0.1790729383561644,1.351807,-1.309937,-0.029017609589041,2.9470210000000003,-1.818603,0.340009294520548,799.133537,-829.651123,0.6692966986301369,282.226562,-279.418944,1.0447046643835616,535.766606,-521.1181650000001,2.055129363013698,falling
10.0,2.3792720000000003,-1.265381,0.291320794520548,2.224121,-1.422486,0.1475445547945206,1.048584,-0.979614,0.0351236301369863,283.630432,-258.666992,3.893709232876712,116.088898,-105.651882,-2.4271931917808214,107.971222,-174.682663,2.641234054794521,1.826538,-0.804199,0.2983482260273972,2.698975,-2.11792,0.2013901232876712,2.208496,-2.667358,-0.1384820547945205,274.414124,-254.882874,3.210617397260274,182.373107,-201.171936,4.945938773972602,409.42395,-422.912723,4.214770938356163,falling
11.0,2.0777590000000004,-1.068481,0.1582992808219178,3.005249,-1.0340570000000002,0.3977401643835616,2.351074,-1.002441,0.1720338698630137,728.821045,-801.269562,11.5051310890411,282.653809,-273.376466,-4.510749253424657,209.350632,-254.211487,-20.210580965753422,2.186401,-1.316406,0.2077411164383562,4.298462,-2.855591,0.2526596095890411,2.14917,-2.963257,-0.2351951986301369,1169.128418,-1258.911164,26.78649870547946,735.595947,-774.2312009999999,-13.88173795890411,706.970459,-706.90918,0.2424686232876673,falling
12.0,3.836792,-3.135498,0.2006091712328767,3.410645,-4.414551,-0.2794991712328767,2.925415,-3.443726,-0.1355799589041096,714.294677,-728.149659,0.2654612054794498,192.565978,-182.80035,0.8314996917808227,214.843811,-243.652412,-2.860291739726029,1.524902,-0.6060789999999999,0.2742543424657534,2.534668,-3.765015,-0.311408904109589,1.857055,-1.6627189999999998,0.0809375958904109,1082.27539,-1047.851562,1.618267897260273,215.087951,-218.689026,-0.3503250410958906,716.736084,-727.844482,-3.139966746575351,falling
13.0,4.055542,-2.995606,0.2933775958904109,2.923096,-2.6048590000000003,-0.0107254726027397,1.657714,-1.280273,0.2454875547945205,502.319465,-482.360962,0.8281552602739725,212.219299,-207.519592,1.8582280068493169,142.883301,-168.09082,0.1392102808219147,1.959595,-1.132934,0.2174665890410958,2.119263,-1.5655520000000005,0.1864674109589041,1.732666,-1.058105,0.3116864863013698,938.293701,-928.894287,1.1571599178082206,186.096252,-182.006897,2.064326287671232,744.3239669999999,-770.630127,-0.844877136986301,falling
14.0,3.12207,-2.354858,0.2175042328767123,2.04248,-2.743896,-0.2494255821917808,1.847901,-2.632935,-0.1531438835616438,761.352785,-754.272705,4.642434308219181,237.67096,-216.735894,-1.4552288630136982,174.133361,-208.55719,-0.4983145,2.613037,-1.6842039999999998,0.2764156780821918,3.031982,-4.062744,-0.2971074589041095,2.048096,-1.913819,0.0852602465753424,656.921387,-636.47461,1.969010794520546,187.316956,-192.443909,-0.9845054383561648,341.91906700000004,-374.694946,1.01209652739726,falling
15.0,2.913574,-1.707397,0.2908893767123287,3.063477,-2.263062,0.2756472739726027,2.167602,-1.9743660000000005,0.0332440890410958,613.342278,-641.052246,-0.2198935890410959,180.419983,-165.893612,3.239462095890412,225.585999,-265.25885,-5.961798171232875,2.953614,-1.838379,0.3483694246575342,3.716187,-2.74878,0.2211805410958904,2.523804,-2.719726,-0.0526875890410958,1196.166992,-1196.105957,2.7775180890411,105.163604,-118.652378,-1.54260095890411,695.3737789999999,-713.379151,-8.323356945205482,falling
16.0,3.576294,-2.727295,0.2243919589041096,2.763916,-4.000122,-0.1961820479452055,3.531006,-4.006348,-0.1717670958904109,846.435791,-907.287841,0.5033314041095901,290.283264,-240.356503,2.6955803904109583,186.645561,-206.115722,-2.5258524726027383,2.243897,-1.294556,0.2699752123287671,3.404542,-4.5697030000000005,-0.2901619726027397,3.27124,-2.9061280000000003,0.0767872534246575,1383.972168,-1344.421387,0.0133772465753518,222.595276,-210.815491,0.7065030958904107,947.693108,-953.064209,-6.211791664383562,falling
17.0,2.491455,-1.268188,0.3118871369863013,3.612305,-2.475586,0.2932271095890411,2.38269,-2.354615,-0.0006061986301369,544.25064,-536.193985,-9.817046390410956,250.183166,-254.333557,-2.361559397260274,160.40039,-198.181168,-2.5450828561643832,2.1673590000000003,-1.067505,0.3604352328767123,1.983887,-1.261108,0.2282698356164383,2.654663,-2.7874760000000003,-0.0861648904109589,555.2369689999999,-543.274063,-9.911943143835614,688.415527,-705.2612300000001,-7.0721358287671245,624.084472,-648.9868240000001,-4.449296657534244,falling
18.0,2.373779,-1.534912,0.2187449589041095,2.182373,-2.741699,-0.2637003219178082,4.329712,-3.938599,-0.1334805616438356,807.800507,-918.579346,0.4636164863013619,200.134339,-188.049374,-0.015885958904111,276.550293,-302.734383,-1.0835832054794516,2.697388,-1.752808,0.2780803561643836,2.859619,-3.832153,-0.2980965616438356,3.292237,-2.908936,0.0702498219178082,1199.951173,-1197.448731,0.7575048767123307,167.480469,-168.457031,-0.3206435890410962,410.0342940000001,-441.6505130000001,-1.6145054041095908,falling
19.0,3.416748,-2.674926,0.2065413082191781,2.034302,-2.653442,-0.2992654178082192,1.868652,-2.272705,-0.0765004726027397,906.616455,-907.593017,-0.0196483013698602,338.989258,-338.623047,0.05142006849315,153.50341799999998,-214.050308,-0.0238287260274007,4.099243,-3.159546,0.2610983561643836,3.888061,-4.533081,-0.2896093424657534,2.144775,-1.596069,0.1556279383561643,1136.535652,-1108.947754,0.0029263219178088,188.842835,-190.185608,0.029681575342466,365.051384,-388.488892,0.0472395547945244,falling
20.0,1.699218,-0.937988,0.2151146643835616,2.076782,-2.748902,-0.2103840136986301,1.5361330000000002,-2.483642,-0.2177366575342466,821.2893059999999,-822.9372559999999,-0.0238287945205466,203.430237,-205.749573,-0.0188121643835616,163.085938,-201.538086,-0.1249966712328804,2.905274,-1.786743,0.3323623356164383,2.6156,-3.619995,-0.2510585205479452,1.963989,-2.283447,-0.0368493424657534,777.038818,-737.854248,0.0514200068493153,113.15921,-122.98587,-0.1270869109589041,400.451778,-415.161254,-0.1308493972602693,falling
21.0,1.839477,-0.997681,0.2158922328767123,2.4552,-3.0080560000000003,-0.2298399931506849,1.451782,-2.102784,-0.2185016917808219,517.028808,-534.423832,-0.1726542123287675,176.635743,-176.452637,-0.3950563904109595,202.026429,-202.209534,-0.0698142054794525,3.545776,-2.515747,0.294390102739726,1.328858,-2.314209,-0.2875282534246575,1.756958,-2.459595,-0.0173833150684931,1339.477538,-1340.393067,0.0689781164383643,200.805726,-200.50055,-0.4611081369863027,336.73095700000005,-334.167481,0.0928068561643874,falling
22.0,2.5881350000000003,-1.681763,0.2061541780821917,2.489136,-2.777222,-0.1020265273972603,2.491333,-3.644653,-0.2878844246575343,973.938232,-779.541199,-6.997723520547954,260.43701100000004,-290.95459700000004,-3.465208821917807,134.033203,-149.963424,0.2562640547945218,1.5671389999999998,-0.5632329999999999,0.3171863493150685,2.061157,-2.654053,-0.2214087602739726,2.929566,-3.052369,-0.1248394520547945,632.202149,-499.755829,-4.0818312534246655,322.998047,-355.102547,-4.386589301369862,237.487854,-201.41607700000003,1.209833780821919,falling
